15,1.24E+07
15.05,1.24E+07
15.1,1.25E+07
15.15,1.25E+07
15.2,1.26E+07
15.25,1.26E+07
15.3,1.26E+07
15.35,1.27E+07
15.4,1.28E+07
15.45,1.28E+07
15.5,1.29E+07
15.55,1.29E+07
15.6,1.30E+07
15.65,1.30E+07
15.7,1.31E+07
15.75,1.31E+07
15.8,1.32E+07
15.85,1.33E+07
15.9,1.33E+07
15.95,1.34E+07
16,1.34E+07
16.05,1.35E+07
16.1,1.35E+07
16.15,1.35E+07
16.2,1.36E+07
16.25,1.36E+07
16.3,1.37E+07
16.35,1.37E+07
16.4,1.37E+07
16.45,1.38E+07
16.5,1.38E+07
16.55,1.39E+07
16.6,1.39E+07
16.65,1.40E+07
16.7,1.40E+07
16.75,1.41E+07
16.8,1.41E+07
16.85,1.41E+07
16.9,1.42E+07
16.95,1.42E+07
17,1.43E+07
17.05,1.43E+07
17.1,1.43E+07
17.15,1.44E+07
17.2,1.44E+07
17.25,1.44E+07
17.3,1.45E+07
17.35,1.45E+07
17.4,1.45E+07
17.45,1.46E+07
17.5,1.46E+07
17.55,1.46E+07
17.6,1.47E+07
17.65,1.47E+07
17.7,1.47E+07
17.75,1.48E+07
17.8,1.48E+07
17.85,1.48E+07
17.9,1.49E+07
17.95,1.49E+07
18,1.50E+07
18.05,1.50E+07
18.1,1.50E+07
18.15,1.50E+07
18.2,1.50E+07
18.25,1.51E+07
18.3,1.51E+07
18.35,1.51E+07
18.4,1.51E+07
18.45,1.52E+07
18.5,1.52E+07
18.55,1.52E+07
18.6,1.52E+07
18.65,1.53E+07
18.7,1.53E+07
18.75,1.53E+07
18.8,1.53E+07
18.85,1.54E+07
18.9,1.54E+07
18.95,1.54E+07
19,1.55E+07
19.05,1.55E+07
19.1,1.55E+07
19.15,1.55E+07
19.2,1.55E+07
19.25,1.55E+07
19.3,1.55E+07
19.35,1.56E+07
19.4,1.56E+07
19.45,1.56E+07
19.5,1.56E+07
19.55,1.56E+07
19.6,1.57E+07
19.65,1.57E+07
19.7,1.57E+07
19.75,1.57E+07
19.8,1.57E+07
19.85,1.58E+07
19.9,1.58E+07
19.95,1.58E+07
20,1.58E+07
20.05,1.58E+07
20.1,1.58E+07
20.15,1.58E+07
20.2,1.58E+07
20.25,1.59E+07
20.3,1.59E+07
20.35,1.59E+07
20.4,1.59E+07
20.45,1.59E+07
20.5,1.59E+07
20.55,1.59E+07
20.6,1.59E+07
20.65,1.59E+07
20.7,1.60E+07
20.75,1.60E+07
20.8,1.60E+07
20.85,1.60E+07
20.9,1.60E+07
20.95,1.60E+07
21,1.60E+07
21.05,1.60E+07
21.1,1.61E+07
21.15,1.61E+07
21.2,1.61E+07
21.25,1.61E+07
21.3,1.61E+07
21.35,1.61E+07
21.4,1.61E+07
21.45,1.61E+07
21.5,1.61E+07
21.55,1.61E+07
21.6,1.61E+07
21.65,1.61E+07
21.7,1.61E+07
21.75,1.61E+07
21.8,1.61E+07
21.85,1.61E+07
21.9,1.61E+07
21.95,1.61E+07
22,1.61E+07
22.05,1.61E+07
22.1,1.61E+07
22.15,1.61E+07
22.2,1.61E+07
22.25,1.61E+07
22.3,1.61E+07
22.35,1.61E+07
22.4,1.61E+07
22.45,1.61E+07
22.5,1.61E+07
22.55,1.61E+07
22.6,1.61E+07
22.65,1.61E+07
22.7,1.61E+07
22.75,1.61E+07
22.8,1.61E+07
22.85,1.61E+07
22.9,1.61E+07
22.95,1.61E+07
23,1.61E+07
23.05,1.61E+07
23.1,1.61E+07
23.15,1.61E+07
23.2,1.61E+07
23.25,1.61E+07
23.3,1.61E+07
23.35,1.61E+07
23.4,1.61E+07
23.45,1.61E+07
23.5,1.61E+07
23.55,1.61E+07
23.6,1.61E+07
23.65,1.61E+07
23.7,1.61E+07
23.75,1.61E+07
23.8,1.61E+07
23.85,1.61E+07
23.9,1.60E+07
23.95,1.60E+07
24,1.60E+07
24.05,1.60E+07
24.1,1.60E+07
24.15,1.60E+07
24.2,1.60E+07
24.25,1.60E+07
24.3,1.60E+07
24.35,1.60E+07
24.4,1.60E+07
24.45,1.60E+07
24.5,1.60E+07
24.55,1.59E+07
24.6,1.59E+07
24.65,1.59E+07
24.7,1.59E+07
24.75,1.59E+07
24.8,1.59E+07
24.85,1.59E+07
24.9,1.59E+07
24.95,1.59E+07
25,1.59E+07
25.05,1.59E+07
25.1,1.58E+07
25.15,1.58E+07
25.2,1.58E+07
25.25,1.58E+07
25.3,1.58E+07
25.35,1.58E+07
25.4,1.58E+07
25.45,1.58E+07
25.5,1.58E+07
25.55,1.57E+07
25.6,1.57E+07
25.65,1.57E+07
25.7,1.57E+07
25.75,1.57E+07
25.8,1.57E+07
25.85,1.57E+07
25.9,1.57E+07
25.95,1.57E+07
26,1.56E+07
26.05,1.56E+07
26.1,1.56E+07
26.15,1.56E+07
26.2,1.56E+07
26.25,1.56E+07
26.3,1.56E+07
26.35,1.55E+07
26.4,1.55E+07
26.45,1.55E+07
26.5,1.55E+07
26.55,1.55E+07
26.6,1.55E+07
26.65,1.55E+07
26.7,1.55E+07
26.75,1.54E+07
26.8,1.54E+07
26.85,1.54E+07
26.9,1.54E+07
26.95,1.54E+07
27,1.54E+07
27.05,1.54E+07
27.1,1.54E+07
27.15,1.53E+07
27.2,1.53E+07
27.25,1.53E+07
27.3,1.53E+07
27.35,1.53E+07
27.4,1.53E+07
27.45,1.52E+07
27.5,1.52E+07
27.55,1.52E+07
27.6,1.52E+07
27.65,1.52E+07
27.7,1.52E+07
27.75,1.51E+07
27.8,1.51E+07
27.85,1.51E+07
27.9,1.51E+07
27.95,1.51E+07
28,1.51E+07
28.05,1.51E+07
28.1,1.50E+07
28.15,1.50E+07
28.2,1.50E+07
28.25,1.50E+07
28.3,1.50E+07
28.35,1.50E+07
28.4,1.49E+07
28.45,1.49E+07
28.5,1.49E+07
28.55,1.49E+07
28.6,1.49E+07
28.65,1.49E+07
28.7,1.48E+07
28.75,1.48E+07
28.8,1.48E+07
28.85,1.48E+07
28.9,1.48E+07
28.95,1.48E+07
29,1.47E+07
29.05,1.47E+07
29.1,1.47E+07
29.15,1.47E+07
29.2,1.47E+07
29.25,1.46E+07
29.3,1.46E+07
29.35,1.46E+07
29.4,1.46E+07
29.45,1.46E+07
29.5,1.46E+07
29.55,1.45E+07
29.6,1.45E+07
29.65,1.45E+07
29.7,1.45E+07
29.75,1.45E+07
29.8,1.45E+07
29.85,1.44E+07
29.9,1.44E+07
29.95,1.44E+07
30,1.44E+07
30.05,1.44E+07
30.1,1.44E+07
30.15,1.43E+07
30.2,1.43E+07
30.25,1.43E+07
30.3,1.43E+07
30.35,1.43E+07
30.4,1.42E+07
30.45,1.42E+07
30.5,1.42E+07
30.55,1.42E+07
30.6,1.42E+07
30.65,1.42E+07
30.7,1.41E+07
30.75,1.41E+07
30.8,1.41E+07
30.85,1.41E+07
30.9,1.41E+07
30.95,1.41E+07
31,1.40E+07
31.05,1.40E+07
31.1,1.40E+07
31.15,1.40E+07
31.2,1.40E+07
31.25,1.39E+07
31.3,1.39E+07
31.35,1.39E+07
31.4,1.39E+07
31.45,1.39E+07
31.5,1.38E+07
31.55,1.38E+07
31.6,1.38E+07
31.65,1.38E+07
31.7,1.38E+07
31.75,1.37E+07
31.8,1.37E+07
31.85,1.37E+07
31.9,1.37E+07
31.95,1.37E+07
32,1.37E+07
32.05,1.36E+07
32.1,1.36E+07
32.15,1.36E+07
32.2,1.36E+07
32.25,1.36E+07
32.3,1.35E+07
32.35,1.35E+07
32.4,1.35E+07
32.45,1.35E+07
32.5,1.35E+07
32.55,1.34E+07
32.6,1.34E+07
32.65,1.34E+07
32.7,1.34E+07
32.75,1.34E+07
32.8,1.34E+07
32.85,1.33E+07
32.9,1.33E+07
32.95,1.33E+07
33,1.33E+07
33.05,1.33E+07
33.1,1.33E+07
33.15,1.32E+07
33.2,1.32E+07
33.25,1.32E+07
33.3,1.32E+07
33.35,1.32E+07
33.4,1.31E+07
33.45,1.31E+07
33.5,1.31E+07
33.55,1.31E+07
33.6,1.31E+07
33.65,1.31E+07
33.7,1.30E+07
33.75,1.30E+07
33.8,1.30E+07
33.85,1.30E+07
33.9,1.30E+07
33.95,1.29E+07
34,1.29E+07
34.05,1.29E+07
34.1,1.29E+07
34.15,1.29E+07
34.2,1.28E+07
34.25,1.28E+07
34.3,1.28E+07
34.35,1.28E+07
34.4,1.28E+07
34.45,1.28E+07
34.5,1.27E+07
34.55,1.27E+07
34.6,1.27E+07
34.65,1.27E+07
34.7,1.27E+07
34.75,1.26E+07
34.8,1.26E+07
34.85,1.26E+07
34.9,1.26E+07
34.95,1.26E+07
35,1.26E+07
35.05,1.25E+07
35.1,1.25E+07
35.15,1.25E+07
35.2,1.25E+07
35.25,1.25E+07
35.3,1.24E+07
35.35,1.24E+07
35.4,1.24E+07
35.45,1.24E+07
35.5,1.24E+07
35.55,1.23E+07
35.6,1.23E+07
35.65,1.23E+07
35.7,1.23E+07
35.75,1.23E+07
35.8,1.23E+07
35.85,1.22E+07
35.9,1.22E+07
35.95,1.22E+07
36,1.22E+07
36.05,1.22E+07
36.1,1.21E+07
36.15,1.21E+07
36.2,1.21E+07
36.25,1.21E+07
36.3,1.21E+07
36.35,1.21E+07
36.4,1.20E+07
36.45,1.20E+07
36.5,1.20E+07
36.55,1.20E+07
36.6,1.20E+07
36.65,1.19E+07
36.7,1.19E+07
36.75,1.19E+07
36.8,1.19E+07
36.85,1.19E+07
36.9,1.19E+07
36.95,1.18E+07
37,1.18E+07
37.05,1.18E+07
37.1,1.18E+07
37.15,1.18E+07
37.2,1.18E+07
37.25,1.17E+07
37.3,1.17E+07
37.35,1.17E+07
37.4,1.17E+07
37.45,1.17E+07
37.5,1.16E+07
37.55,1.16E+07
37.6,1.16E+07
37.65,1.16E+07
37.7,1.16E+07
37.75,1.16E+07
37.8,1.15E+07
37.85,1.15E+07
37.9,1.15E+07
37.95,1.15E+07
38,1.15E+07
38.05,1.15E+07
38.1,1.14E+07
38.15,1.14E+07
38.2,1.14E+07
38.25,1.14E+07
38.3,1.14E+07
38.35,1.14E+07
38.4,1.13E+07
38.45,1.13E+07
38.5,1.13E+07
38.55,1.13E+07
38.6,1.13E+07
38.65,1.12E+07
38.7,1.12E+07
38.75,1.12E+07
38.8,1.12E+07
38.85,1.12E+07
38.9,1.12E+07
38.95,1.11E+07
39,1.11E+07
39.05,1.11E+07
39.1,1.11E+07
39.15,1.11E+07
39.2,1.11E+07
39.25,1.10E+07
39.3,1.10E+07
39.35,1.10E+07
39.4,1.10E+07
39.45,1.10E+07
39.5,1.10E+07
39.55,1.09E+07
39.6,1.09E+07
39.65,1.09E+07
39.7,1.09E+07
39.75,1.09E+07
39.8,1.09E+07
39.85,1.08E+07
39.9,1.08E+07
39.95,1.08E+07
40,1.08E+07
40.05,1.08E+07
40.1,1.08E+07
40.15,1.07E+07
40.2,1.07E+07
40.25,1.07E+07
40.3,1.07E+07
40.35,1.07E+07
40.4,1.07E+07
40.45,1.06E+07
40.5,1.06E+07
40.55,1.06E+07
40.6,1.06E+07
40.65,1.06E+07
40.7,1.06E+07
40.75,1.05E+07
40.8,1.05E+07
40.85,1.05E+07
40.9,1.05E+07
40.95,1.05E+07
41,1.05E+07
41.05,1.05E+07
41.1,1.04E+07
41.15,1.04E+07
41.2,1.04E+07
41.25,1.04E+07
41.3,1.04E+07
41.35,1.04E+07
41.4,1.03E+07
41.45,1.03E+07
41.5,1.03E+07
41.55,1.03E+07
41.6,1.03E+07
41.65,1.03E+07
41.7,1.02E+07
41.75,1.02E+07
41.8,1.02E+07
41.85,1.02E+07
41.9,1.02E+07
41.95,1.02E+07
42,1.02E+07
42.05,1.01E+07
42.1,1.01E+07
42.15,1.01E+07
42.2,1.01E+07
42.25,1.01E+07
42.3,1.01E+07
42.35,1.00E+07
42.4,1.00E+07
42.45,1.00E+07
42.5,1.00E+07
42.55,9.99E+06
42.6,9.97E+06
42.65,9.95E+06
42.7,9.94E+06
42.75,9.92E+06
42.8,9.91E+06
42.85,9.89E+06
42.9,9.88E+06
42.95,9.86E+06
43,9.85E+06
43.05,9.83E+06
43.1,9.82E+06
43.15,9.80E+06
43.2,9.79E+06
43.25,9.77E+06
43.3,9.76E+06
43.35,9.74E+06
43.4,9.73E+06
43.45,9.71E+06
43.5,9.70E+06
43.55,9.68E+06
43.6,9.67E+06
43.65,9.65E+06
43.7,9.64E+06
43.75,9.62E+06
43.8,9.61E+06
43.85,9.60E+06
43.9,9.58E+06
43.95,9.57E+06
44,9.55E+06
44.05,9.54E+06
44.1,9.52E+06
44.15,9.51E+06
44.2,9.49E+06
44.25,9.48E+06
44.3,9.46E+06
44.35,9.45E+06
44.4,9.44E+06
44.45,9.42E+06
44.5,9.41E+06
44.55,9.39E+06
44.6,9.38E+06
44.65,9.36E+06
44.7,9.35E+06
44.75,9.33E+06
44.8,9.32E+06
44.85,9.31E+06
44.9,9.29E+06
44.95,9.28E+06
45,9.26E+06
45.05,9.25E+06
45.1,9.24E+06
45.15,9.22E+06
45.2,9.21E+06
45.25,9.20E+06
45.3,9.18E+06
45.35,9.17E+06
45.4,9.15E+06
45.45,9.14E+06
45.5,9.13E+06
45.55,9.11E+06
45.6,9.10E+06
45.65,9.08E+06
45.7,9.07E+06
45.75,9.06E+06
45.8,9.04E+06
45.85,9.03E+06
45.9,9.01E+06
45.95,9.00E+06
46,8.99E+06
46.05,8.97E+06
46.1,8.96E+06
46.15,8.95E+06
46.2,8.93E+06
46.25,8.92E+06
46.3,8.90E+06
46.35,8.89E+06
46.4,8.88E+06
46.45,8.86E+06
46.5,8.85E+06
46.55,8.84E+06
46.6,8.82E+06
46.65,8.81E+06
46.7,8.80E+06
46.75,8.78E+06
46.8,8.77E+06
46.85,8.76E+06
46.9,8.74E+06
46.95,8.73E+06
47,8.72E+06
47.05,8.70E+06
47.1,8.69E+06
47.15,8.68E+06
47.2,8.66E+06
47.25,8.65E+06
47.3,8.64E+06
47.35,8.62E+06
47.4,8.61E+06
47.45,8.60E+06
47.5,8.58E+06
47.55,8.57E+06
47.6,8.56E+06
47.65,8.55E+06
47.7,8.53E+06
47.75,8.52E+06
47.8,8.51E+06
47.85,8.49E+06
47.9,8.48E+06
47.95,8.47E+06
48,8.46E+06
48.05,8.45E+06
48.1,8.43E+06
48.15,8.42E+06
48.2,8.41E+06
48.25,8.39E+06
48.3,8.38E+06
48.35,8.37E+06
48.4,8.36E+06
48.45,8.34E+06
48.5,8.33E+06
48.55,8.32E+06
48.6,8.31E+06
48.65,8.29E+06
48.7,8.28E+06
48.75,8.27E+06
48.8,8.26E+06
48.85,8.24E+06
48.9,8.23E+06
48.95,8.22E+06
49,8.21E+06
49.05,8.19E+06
49.1,8.18E+06
49.15,8.17E+06
49.2,8.16E+06
49.25,8.14E+06
49.3,8.13E+06
49.35,8.12E+06
49.4,8.11E+06
49.45,8.10E+06
49.5,8.08E+06
49.55,8.07E+06
49.6,8.06E+06
49.65,8.05E+06
49.7,8.04E+06
49.75,8.02E+06
49.8,8.01E+06
49.85,8.00E+06
49.9,7.99E+06
49.95,7.98E+06
50,7.96E+06
50.05,7.95E+06
50.1,7.94E+06
50.15,7.93E+06
50.2,7.92E+06
50.25,7.90E+06
50.3,7.89E+06
50.35,7.88E+06
50.4,7.87E+06
50.45,7.86E+06
50.5,7.85E+06
50.55,7.83E+06
50.6,7.82E+06
50.65,7.81E+06
50.7,7.80E+06
50.75,7.79E+06
50.8,7.78E+06
50.85,7.76E+06
50.9,7.75E+06
50.95,7.74E+06
51,7.73E+06
51.05,7.72E+06
51.1,7.71E+06
51.15,7.70E+06
51.2,7.69E+06
51.25,7.67E+06
51.3,7.66E+06
51.35,7.65E+06
51.4,7.64E+06
51.45,7.63E+06
51.5,7.62E+06
51.55,7.61E+06
51.6,7.59E+06
51.65,7.58E+06
51.7,7.57E+06
51.75,7.56E+06
51.8,7.55E+06
51.85,7.54E+06
51.9,7.53E+06
51.95,7.52E+06
52,7.50E+06
52.05,7.49E+06
52.1,7.48E+06
52.15,7.47E+06
52.2,7.46E+06
52.25,7.45E+06
52.3,7.44E+06
52.35,7.43E+06
52.4,7.42E+06
52.45,7.40E+06
52.5,7.39E+06
52.55,7.38E+06
52.6,7.37E+06
52.65,7.36E+06
52.7,7.35E+06
52.75,7.34E+06
52.8,7.33E+06
52.85,7.32E+06
52.9,7.31E+06
52.95,7.30E+06
53,7.29E+06
53.05,7.27E+06
53.1,7.26E+06
53.15,7.25E+06
53.2,7.24E+06
53.25,7.23E+06
53.3,7.22E+06
53.35,7.21E+06
53.4,7.20E+06
53.45,7.19E+06
53.5,7.18E+06
53.55,7.17E+06
53.6,7.16E+06
53.65,7.15E+06
53.7,7.14E+06
53.75,7.13E+06
53.8,7.12E+06
53.85,7.11E+06
53.9,7.09E+06
53.95,7.08E+06
54,7.07E+06
54.05,7.07E+06
54.1,7.06E+06
54.15,7.05E+06
54.2,7.03E+06
54.25,7.02E+06
54.3,7.01E+06
54.35,7.00E+06
54.4,6.99E+06
54.45,6.98E+06
54.5,6.97E+06
54.55,6.96E+06
54.6,6.95E+06
54.65,6.94E+06
54.7,6.93E+06
54.75,6.92E+06
54.8,6.91E+06
54.85,6.90E+06
54.9,6.89E+06
54.95,6.88E+06
55,6.87E+06
55.05,6.86E+06
55.1,6.85E+06
55.15,6.84E+06
55.2,6.83E+06
55.25,6.82E+06
55.3,6.81E+06
55.35,6.80E+06
55.4,6.79E+06
55.45,6.78E+06
55.5,6.77E+06
55.55,6.76E+06
55.6,6.75E+06
55.65,6.74E+06
55.7,6.73E+06
55.75,6.72E+06
55.8,6.71E+06
55.85,6.70E+06
55.9,6.69E+06
55.95,6.68E+06
56,6.67E+06
56.05,6.66E+06
56.1,6.65E+06
56.15,6.64E+06
56.2,6.63E+06
56.25,6.63E+06
56.3,6.62E+06
56.35,6.61E+06
56.4,6.60E+06
56.45,6.59E+06
56.5,6.58E+06
56.55,6.57E+06
56.6,6.56E+06
56.65,6.55E+06
56.7,6.54E+06
56.75,6.53E+06
56.8,6.52E+06
56.85,6.51E+06
56.9,6.50E+06
56.95,6.49E+06
57,6.48E+06
57.05,6.48E+06
57.1,6.47E+06
57.15,6.46E+06
57.2,6.45E+06
57.25,6.44E+06
57.3,6.43E+06
57.35,6.42E+06
57.4,6.41E+06
57.45,6.40E+06
57.5,6.39E+06
57.55,6.38E+06
57.6,6.37E+06
57.65,6.36E+06
57.7,6.36E+06
57.75,6.35E+06
57.8,6.34E+06
57.85,6.33E+06
57.9,6.32E+06
57.95,6.31E+06
58,4.10E+08
58.05,6.29E+06
58.1,6.28E+06
58.15,6.27E+06
58.2,6.26E+06
58.25,6.25E+06
58.3,6.25E+06
58.35,6.24E+06
58.4,6.23E+06
58.45,6.22E+06
58.5,6.21E+06
58.55,6.20E+06
58.6,6.19E+06
58.65,6.18E+06
58.7,6.17E+06
58.75,6.17E+06
58.8,6.16E+06
58.85,6.15E+06
58.9,6.14E+06
58.95,6.13E+06
59,6.12E+06
59.05,6.11E+06
59.1,6.10E+06
59.15,6.10E+06
59.2,6.09E+06
59.25,6.08E+06
59.3,7.06E+08
59.35,6.06E+06
59.4,6.05E+06
59.45,6.04E+06
59.5,6.04E+06
59.55,6.03E+06
59.6,6.02E+06
59.65,6.01E+06
59.7,6.00E+06
59.75,5.99E+06
59.8,5.98E+06
59.85,5.98E+06
59.9,5.97E+06
59.95,5.96E+06
60,5.95E+06
60.05,5.94E+06
60.1,5.94E+06
60.15,5.93E+06
60.2,5.92E+06
60.25,5.91E+06
60.3,5.90E+06
60.35,5.89E+06
60.4,5.88E+06
60.45,5.88E+06
60.5,5.87E+06
60.55,5.86E+06
60.6,5.85E+06
60.65,5.84E+06
60.7,5.83E+06
60.75,5.83E+06
60.8,5.82E+06
60.85,5.81E+06
60.9,5.80E+06
60.95,5.79E+06
61,5.78E+06
61.05,5.78E+06
61.1,5.77E+06
61.15,5.76E+06
61.2,5.75E+06
61.25,5.74E+06
61.3,5.74E+06
61.35,5.73E+06
61.4,5.72E+06
61.45,5.71E+06
61.5,5.70E+06
61.55,5.70E+06
61.6,5.69E+06
61.65,5.68E+06
61.7,5.67E+06
61.75,5.66E+06
61.8,5.66E+06
61.85,5.65E+06
61.9,5.64E+06
61.95,5.63E+06
62,5.62E+06
62.05,5.62E+06
62.1,5.61E+06
62.15,5.60E+06
62.2,5.59E+06
62.25,5.58E+06
62.3,5.58E+06
62.35,5.57E+06
62.4,5.56E+06
62.45,5.55E+06
62.5,5.55E+06
62.55,5.54E+06
62.6,5.53E+06
62.65,5.52E+06
62.7,5.51E+06
62.75,5.51E+06
62.8,5.50E+06
62.85,5.49E+06
62.9,5.48E+06
62.95,5.48E+06
63,5.47E+06
63.05,5.46E+06
63.1,5.45E+06
63.15,5.45E+06
63.2,5.44E+06
63.25,5.43E+06
63.3,5.42E+06
63.35,5.42E+06
63.4,5.41E+06
63.45,5.40E+06
63.5,5.39E+06
63.55,5.39E+06
63.6,5.38E+06
63.65,5.37E+06
63.7,5.36E+06
63.75,5.36E+06
63.8,5.35E+06
63.85,5.34E+06
63.9,5.33E+06
63.95,5.33E+06
64,5.32E+06
64.05,5.31E+06
64.1,5.30E+06
64.15,5.30E+06
64.2,5.29E+06
64.25,5.28E+06
64.3,5.27E+06
64.35,5.27E+06
64.4,5.26E+06
64.45,5.25E+06
64.5,5.24E+06
64.55,5.24E+06
64.6,5.23E+06
64.65,5.22E+06
64.7,5.22E+06
64.75,5.21E+06
64.8,5.20E+06
64.85,5.19E+06
64.9,5.19E+06
64.95,5.18E+06
65,5.17E+06
65.05,5.17E+06
65.1,5.16E+06
65.15,5.15E+06
65.2,5.14E+06
65.25,5.14E+06
65.3,5.13E+06
65.35,5.12E+06
65.4,5.12E+06
65.45,5.11E+06
65.5,5.10E+06
65.55,5.10E+06
65.6,5.09E+06
65.65,5.08E+06
65.7,5.07E+06
65.75,5.07E+06
65.8,5.06E+06
65.85,5.05E+06
65.9,5.05E+06
65.95,5.04E+06
66,5.03E+06
66.05,5.03E+06
66.1,5.02E+06
66.15,5.01E+06
66.2,5.01E+06
66.25,5.00E+06
66.3,4.99E+06
66.35,4.99E+06
66.4,4.98E+06
66.45,4.97E+06
66.5,4.96E+06
66.55,4.96E+06
66.6,4.95E+06
66.65,4.94E+06
66.7,4.94E+06
66.75,4.93E+06
66.8,4.92E+06
66.85,4.92E+06
66.9,4.91E+06
66.95,4.90E+06
67,4.90E+06
67.05,4.89E+06
67.1,4.88E+06
67.15,4.88E+06
67.2,2.30E+08
67.25,4.86E+06
67.3,4.86E+06
67.35,4.85E+06
67.4,4.84E+06
67.45,4.84E+06
67.5,4.83E+06
67.55,4.82E+06
67.6,4.82E+06
67.65,4.81E+06
67.7,4.80E+06
67.75,4.80E+06
67.8,4.79E+06
67.85,4.78E+06
67.9,4.78E+06
67.95,4.77E+06
68,4.76E+06
68.05,4.76E+06
68.1,4.75E+06
68.15,4.75E+06
68.2,4.74E+06
68.25,4.73E+06
68.3,4.73E+06
68.35,4.72E+06
68.4,4.71E+06
68.45,4.71E+06
68.5,4.70E+06
68.55,4.69E+06
68.6,4.69E+06
68.65,4.68E+06
68.7,4.67E+06
68.75,4.67E+06
68.8,4.66E+06
68.85,4.66E+06
68.9,4.65E+06
68.95,4.64E+06
69,4.64E+06
69.05,4.63E+06
69.1,6.30E+07
69.15,4.62E+06
69.2,4.61E+06
69.25,4.61E+06
69.3,4.60E+06
69.35,4.59E+06
69.4,4.59E+06
69.45,4.58E+06
69.5,4.57E+06
69.55,4.14E+06
69.6,4.13E+06
69.65,4.13E+06
69.7,4.12E+06
69.75,4.12E+06
69.8,4.11E+06
69.85,4.11E+06
69.9,4.10E+06
69.95,4.10E+06
70,4.09E+06
70.05,4.09E+06
70.1,4.09E+06
70.15,4.08E+06
70.2,4.08E+06
70.25,4.07E+06
70.3,4.07E+06
70.35,4.06E+06
70.4,4.06E+06
70.45,4.05E+06
70.5,4.05E+06
70.55,4.04E+06
70.6,4.04E+06
70.65,4.03E+06
70.7,4.03E+06
70.75,4.02E+06
70.8,4.02E+06
70.85,4.01E+06
70.9,4.01E+06
70.95,4.00E+06
71,4.00E+06
71.05,4.00E+06
71.1,3.99E+06
71.15,3.99E+06
71.2,3.98E+06
71.25,3.98E+06
71.3,3.97E+06
71.35,3.97E+06
71.4,3.96E+06
71.45,3.96E+06
71.5,3.95E+06
71.55,3.95E+06
71.6,3.94E+06
71.65,3.94E+06
71.7,3.93E+06
71.75,3.93E+06
71.8,3.92E+06
71.85,3.92E+06
71.9,3.91E+06
71.95,3.91E+06
72,3.91E+06
72.05,3.90E+06
72.1,3.90E+06
72.15,3.89E+06
72.2,3.89E+06
72.25,3.88E+06
72.3,3.88E+06
72.35,3.87E+06
72.4,3.87E+06
72.45,3.87E+06
72.5,3.86E+06
72.55,3.86E+06
72.6,3.85E+06
72.65,3.85E+06
72.7,3.84E+06
72.75,3.84E+06
72.8,3.83E+06
72.85,3.83E+06
72.9,3.83E+06
72.95,3.82E+06
73,3.82E+06
73.05,3.81E+06
73.1,3.81E+06
73.15,3.80E+06
73.2,3.80E+06
73.25,3.79E+06
73.3,3.79E+06
73.35,3.79E+06
73.4,3.78E+06
73.45,3.78E+06
73.5,3.77E+06
73.55,3.77E+06
73.6,3.76E+06
73.65,3.76E+06
73.7,3.75E+06
73.75,3.75E+06
73.8,3.75E+06
73.85,3.74E+06
73.9,3.74E+06
73.95,3.73E+06
74,3.73E+06
74.05,3.72E+06
74.1,3.72E+06
74.15,3.71E+06
74.2,3.71E+06
74.25,3.71E+06
74.3,3.70E+06
74.35,3.70E+06
74.4,3.69E+06
74.45,3.69E+06
74.5,3.68E+06
74.55,3.68E+06
74.6,3.68E+06
74.65,3.67E+06
74.7,3.67E+06
74.75,3.66E+06
74.8,3.66E+06
74.85,3.65E+06
74.9,3.65E+06
74.95,3.65E+06
75,3.64E+06
75.05,3.64E+06
75.1,3.63E+06
75.15,3.63E+06
75.2,3.63E+06
75.25,3.62E+06
75.3,3.62E+06
75.35,3.61E+06
75.4,3.61E+06
75.45,3.60E+06
75.5,3.60E+06
75.55,3.60E+06
75.6,3.59E+06
75.65,3.59E+06
75.7,3.58E+06
75.75,3.58E+06
75.8,3.57E+06
75.85,3.57E+06
75.9,3.57E+06
75.95,3.56E+06
76,3.56E+06
76.05,3.55E+06
76.1,3.55E+06
76.15,3.54E+06
76.2,3.54E+06
76.25,3.54E+06
76.3,3.53E+06
76.35,3.53E+06
76.4,3.52E+06
76.45,3.52E+06
76.5,3.51E+06
76.55,3.51E+06
76.6,3.51E+06
76.65,3.50E+06
76.7,3.50E+06
76.75,3.49E+06
76.8,3.49E+06
76.85,3.49E+06
76.9,3.48E+06
76.95,3.48E+06
77,3.47E+06
77.05,3.47E+06
77.1,3.46E+06
77.15,3.46E+06
77.2,3.46E+06
77.25,3.45E+06
77.3,3.45E+06
77.35,3.44E+06
77.4,3.44E+06
77.45,3.44E+06
77.5,3.43E+06
77.55,3.43E+06
77.6,3.42E+06
77.65,3.42E+06
77.7,3.42E+06
77.75,3.41E+06
77.8,3.41E+06
77.85,3.40E+06
77.9,3.40E+06
77.95,3.40E+06
78,3.39E+06
78.05,3.39E+06
78.1,3.38E+06
78.15,3.38E+06
78.2,3.38E+06
78.25,3.37E+06
78.3,3.37E+06
78.35,3.36E+06
78.4,3.36E+06
78.45,3.36E+06
78.5,3.35E+06
78.55,3.35E+06
78.6,3.34E+06
78.65,3.34E+06
78.7,3.34E+06
78.75,3.33E+06
78.8,3.33E+06
78.85,3.32E+06
78.9,3.32E+06
78.95,3.32E+06
79,3.31E+06
79.05,3.31E+06
79.1,3.30E+06
79.15,3.30E+06
79.2,3.30E+06
79.25,3.29E+06
79.3,3.29E+06
79.35,3.28E+06
79.4,3.28E+06
79.45,3.28E+06
79.5,3.27E+06
79.55,3.27E+06
79.6,3.26E+06
79.65,3.26E+06
79.7,3.26E+06
79.75,3.25E+06
79.8,3.25E+06
79.85,3.25E+06
79.9,3.24E+06
79.95,3.24E+06
80,3.23E+06
80.05,3.23E+06
80.1,3.23E+06
80.15,3.22E+06
80.2,3.22E+06
80.25,3.21E+06
80.3,3.21E+06
80.35,3.21E+06
80.4,3.20E+06
80.45,3.20E+06
80.5,3.20E+06
80.55,3.19E+06
80.6,3.19E+06
80.65,3.18E+06
80.7,3.18E+06
80.75,3.18E+06
80.8,3.17E+06
80.85,3.17E+06
80.9,3.16E+06
80.95,3.16E+06
81,3.16E+06
81.05,3.15E+06
81.1,3.15E+06
81.15,3.15E+06
81.2,3.14E+06
81.25,3.14E+06
81.3,3.14E+06
81.35,3.13E+06
81.4,3.13E+06
81.45,3.12E+06
81.5,3.12E+06
81.55,3.12E+06
81.6,3.11E+06
81.65,3.11E+06
81.7,3.10E+06
81.75,3.10E+06
81.8,3.10E+06
81.85,3.09E+06
81.9,3.09E+06
81.95,3.09E+06
82,3.08E+06
82.05,3.08E+06
82.1,3.07E+06
82.15,3.07E+06
82.2,3.07E+06
82.25,3.06E+06
82.3,3.06E+06
82.35,3.06E+06
82.4,3.05E+06
82.45,3.05E+06
82.5,3.05E+06
82.55,3.04E+06
82.6,3.04E+06
82.65,3.03E+06
82.7,3.03E+06
82.75,3.03E+06
82.8,3.02E+06
82.85,3.02E+06
82.9,3.02E+06
82.95,3.01E+06
83,3.01E+06
83.05,3.01E+06
83.1,3.00E+06
83.15,3.00E+06
83.2,2.99E+06
83.25,2.99E+06
83.3,2.99E+06
83.35,2.98E+06
83.4,2.98E+06
83.45,2.98E+06
83.5,2.97E+06
83.55,2.97E+06
83.6,2.97E+06
83.65,2.96E+06
83.7,2.96E+06
83.75,2.96E+06
83.8,2.95E+06
83.85,2.95E+06
83.9,2.94E+06
83.95,2.94E+06
84,2.94E+06
84.05,2.93E+06
84.1,2.93E+06
84.15,2.93E+06
84.2,2.92E+06
84.25,2.92E+06
84.3,2.92E+06
84.35,2.91E+06
84.4,2.91E+06
84.45,2.91E+06
84.5,2.90E+06
84.55,2.90E+06
84.6,2.89E+06
84.65,2.89E+06
84.7,2.89E+06
84.75,2.88E+06
84.8,2.88E+06
84.85,2.88E+06
84.9,2.87E+06
84.95,2.87E+06
85,2.87E+06
85.05,2.86E+06
85.1,2.86E+06
85.15,2.86E+06
85.2,2.85E+06
85.25,2.85E+06
85.3,2.85E+06
85.35,2.84E+06
85.4,2.84E+06
85.45,2.84E+06
85.5,2.83E+06
85.55,2.83E+06
85.6,2.82E+06
85.65,2.82E+06
85.7,2.82E+06
85.75,2.81E+06
85.8,2.81E+06
85.85,2.81E+06
85.9,2.80E+06
85.95,2.80E+06
86,2.80E+06
86.05,2.79E+06
86.1,2.79E+06
86.15,2.79E+06
86.2,2.78E+06
86.25,2.78E+06
86.3,2.78E+06
86.35,2.77E+06
86.4,2.77E+06
86.45,2.77E+06
86.5,2.76E+06
86.55,2.76E+06
86.6,2.76E+06
86.65,2.75E+06
86.7,2.75E+06
86.75,2.75E+06
86.8,2.74E+06
86.85,2.74E+06
86.9,2.74E+06
86.95,2.73E+06
87,2.73E+06
87.05,2.73E+06
87.1,2.72E+06
87.15,2.72E+06
87.2,2.72E+06
87.25,2.71E+06
87.3,2.71E+06
87.35,2.71E+06
87.4,2.70E+06
87.45,2.70E+06
87.5,2.70E+06
87.55,2.69E+06
87.6,2.69E+06
87.65,2.69E+06
87.7,2.68E+06
87.75,2.68E+06
87.8,2.68E+06
87.85,2.67E+06
87.9,2.67E+06
87.95,2.67E+06
88,2.66E+06
88.05,2.66E+06
88.1,2.66E+06
88.15,2.65E+06
88.2,2.65E+06
88.25,2.65E+06
88.3,2.64E+06
88.35,2.64E+06
88.4,2.64E+06
88.45,2.63E+06
88.5,2.63E+06
88.55,2.63E+06
88.6,2.62E+06
88.65,2.62E+06
88.7,2.62E+06
88.75,2.61E+06
88.8,2.61E+06
88.85,2.61E+06
88.9,2.61E+06
88.95,2.60E+06
89,2.60E+06
89.05,2.60E+06
89.1,2.59E+06
89.15,2.59E+06
89.2,2.59E+06
89.25,2.58E+06
89.3,2.58E+06
89.35,2.58E+06
89.4,2.57E+06
89.45,2.57E+06
89.5,2.57E+06
89.55,2.56E+06
89.6,2.56E+06
89.65,2.56E+06
89.7,2.55E+06
89.75,2.55E+06
89.8,2.55E+06
89.85,2.55E+06
89.9,2.54E+06
89.95,2.54E+06
90,2.54E+06
90.05,2.53E+06
90.1,2.53E+06
90.15,2.53E+06
90.2,2.52E+06
90.25,2.52E+06
90.3,2.52E+06
90.35,2.51E+06
90.4,2.51E+06
90.45,2.51E+06
90.5,2.50E+06
90.55,2.50E+06
90.6,2.50E+06
90.65,2.50E+06
90.7,2.49E+06
90.75,2.49E+06
90.8,2.49E+06
90.85,2.48E+06
90.9,2.48E+06
90.95,2.48E+06
91,2.47E+06
91.05,2.47E+06
91.1,2.47E+06
91.15,2.46E+06
91.2,2.46E+06
91.25,2.46E+06
91.3,2.46E+06
91.35,2.45E+06
91.4,2.45E+06
91.45,2.45E+06
91.5,2.44E+06
91.55,2.44E+06
91.6,2.44E+06
91.65,2.43E+06
91.7,2.43E+06
91.75,2.43E+06
91.8,2.42E+06
91.85,2.42E+06
91.9,2.42E+06
91.95,2.42E+06
92,2.41E+06
92.05,2.41E+06
92.1,2.41E+06
92.15,2.40E+06
92.2,2.40E+06
92.25,2.40E+06
92.3,2.39E+06
92.35,2.39E+06
92.4,2.39E+06
92.45,2.39E+06
92.5,2.38E+06
92.55,2.38E+06
92.6,2.38E+06
92.65,2.37E+06
92.7,2.37E+06
92.75,2.37E+06
92.8,2.37E+06
92.85,2.36E+06
92.9,2.36E+06
92.95,2.36E+06
93,2.35E+06
93.05,2.35E+06
93.1,2.35E+06
93.15,2.35E+06
93.2,2.34E+06
93.25,2.34E+06
93.3,2.34E+06
93.35,2.33E+06
93.4,2.33E+06
93.45,2.33E+06
93.5,2.32E+06
93.55,2.32E+06
93.6,2.32E+06
93.65,2.32E+06
93.7,2.31E+06
93.75,2.31E+06
93.8,2.31E+06
93.85,2.30E+06
93.9,2.30E+06
93.95,2.30E+06
94,2.29E+06
94.05,2.29E+06
94.1,2.29E+06
94.15,2.29E+06
94.2,2.28E+06
94.25,2.28E+06
94.3,2.28E+06
94.35,2.27E+06
94.4,2.27E+06
94.45,2.27E+06
94.5,2.27E+06
94.55,2.26E+06
94.6,2.26E+06
94.65,2.26E+06
94.7,2.25E+06
94.75,2.25E+06
94.8,2.25E+06
94.85,2.25E+06
94.9,2.24E+06
94.95,2.24E+06
95,2.24E+06
95.05,2.23E+06
95.1,2.23E+06
95.15,2.23E+06
95.2,2.23E+06
95.25,2.22E+06
95.3,2.22E+06
95.35,2.22E+06
95.4,2.21E+06
95.45,2.21E+06
95.5,2.21E+06
95.55,2.21E+06
95.6,2.20E+06
95.65,2.20E+06
95.7,2.20E+06
95.75,2.20E+06
95.8,2.19E+06
95.85,2.19E+06
95.9,2.19E+06
95.95,2.18E+06
96,2.18E+06
96.05,2.18E+06
96.1,2.18E+06
96.15,2.17E+06
96.2,2.17E+06
96.25,2.17E+06
96.3,2.17E+06
96.35,2.16E+06
96.4,2.16E+06
96.45,2.16E+06
96.5,2.15E+06
96.55,2.15E+06
96.6,2.15E+06
96.65,2.15E+06
96.7,2.14E+06
96.75,2.14E+06
96.8,2.14E+06
96.85,2.13E+06
96.9,2.13E+06
96.95,2.13E+06
97,2.13E+06
97.05,2.12E+06
97.1,2.12E+06
97.15,2.12E+06
97.2,2.12E+06
97.25,2.11E+06
97.3,2.11E+06
97.35,2.11E+06
97.4,2.10E+06
97.45,2.10E+06
97.5,2.10E+06
97.55,2.10E+06
97.6,2.09E+06
97.65,2.09E+06
97.7,2.09E+06
97.75,2.09E+06
97.8,2.08E+06
97.85,2.08E+06
97.9,2.08E+06
97.95,2.08E+06
98,2.07E+06
98.05,2.07E+06
98.1,2.07E+06
98.15,2.06E+06
98.2,2.06E+06
98.25,2.06E+06
98.3,2.06E+06
98.35,2.05E+06
98.4,2.05E+06
98.45,2.05E+06
98.5,2.05E+06
98.55,2.04E+06
98.6,2.04E+06
98.65,2.04E+06
98.7,2.04E+06
98.75,2.03E+06
98.8,2.03E+06
98.85,2.03E+06
98.9,2.02E+06
98.95,2.02E+06
99,2.02E+06
99.05,2.02E+06
99.1,2.01E+06
99.15,2.01E+06
99.2,2.01E+06
99.25,2.01E+06
99.3,2.00E+06
99.35,2.00E+06
99.4,2.00E+06
99.45,2.00E+06
99.5,1.99E+06
99.55,1.99E+06
99.6,1.99E+06
99.65,1.99E+06
99.7,1.98E+06
99.75,1.98E+06
99.8,1.98E+06
99.85,1.98E+06
99.9,1.97E+06
99.95,1.97E+06
100,1.97E+06
100.05,1.96E+06
100.1,1.96E+06
100.15,1.96E+06
100.2,1.96E+06
100.25,1.95E+06
100.3,1.95E+06
100.35,1.95E+06
100.4,1.95E+06
100.45,1.94E+06
100.5,1.94E+06
100.55,1.94E+06
100.6,1.94E+06
100.65,1.93E+06
100.7,1.93E+06
100.75,1.93E+06
100.8,1.93E+06
100.85,1.92E+06
100.9,1.92E+06
100.95,1.92E+06
101,1.92E+06
101.05,1.91E+06
101.1,1.91E+06
101.15,1.91E+06
101.2,1.91E+06
101.25,1.90E+06
101.3,1.90E+06
101.35,1.90E+06
101.4,1.90E+06
101.45,1.89E+06
101.5,1.89E+06
101.55,1.89E+06
101.6,1.89E+06
101.65,1.88E+06
101.7,1.88E+06
101.75,1.88E+06
101.8,1.88E+06
101.85,1.87E+06
101.9,1.87E+06
101.95,1.87E+06
102,1.87E+06
102.05,1.86E+06
102.1,1.86E+06
102.15,1.86E+06
102.2,1.86E+06
102.25,1.85E+06
102.3,1.85E+06
102.35,1.85E+06
102.4,1.85E+06
102.45,1.84E+06
102.5,1.84E+06
102.55,1.84E+06
102.6,1.84E+06
102.65,1.83E+06
102.7,1.83E+06
102.75,1.83E+06
102.8,1.83E+06
102.85,1.82E+06
102.9,1.82E+06
102.95,1.82E+06
103,1.82E+06
103.05,1.81E+06
103.1,1.81E+06
103.15,1.81E+06
103.2,1.81E+06
103.25,1.81E+06
103.3,1.80E+06
103.35,1.80E+06
103.4,1.80E+06
103.45,1.80E+06
103.5,1.79E+06
103.55,1.79E+06
103.6,1.79E+06
103.65,1.79E+06
103.7,1.78E+06
103.75,1.78E+06
103.8,1.78E+06
103.85,1.78E+06
103.9,1.77E+06
103.95,1.77E+06
104,1.77E+06
104.05,1.77E+06
104.1,1.76E+06
104.15,1.76E+06
104.2,1.76E+06
104.25,1.76E+06
104.3,1.76E+06
104.35,1.75E+06
104.4,1.75E+06
104.45,1.75E+06
104.5,1.75E+06
104.55,1.74E+06
104.6,1.74E+06
104.65,1.74E+06
104.7,1.74E+06
104.75,1.73E+06
104.8,1.73E+06
104.85,1.73E+06
104.9,1.73E+06
104.95,1.72E+06
105,1.72E+06
105.05,1.72E+06
105.1,1.72E+06
105.15,1.72E+06
105.2,1.71E+06
105.25,1.71E+06
105.3,1.71E+06
105.35,1.71E+06
105.4,1.70E+06
105.45,1.70E+06
105.5,1.70E+06
105.55,1.70E+06
105.6,1.69E+06
105.65,1.69E+06
105.7,1.69E+06
105.75,1.69E+06
105.8,1.69E+06
105.85,1.68E+06
105.9,1.68E+06
105.95,1.68E+06
106,1.68E+06
106.05,1.67E+06
106.1,1.67E+06
106.15,1.67E+06
106.2,1.67E+06
106.25,1.66E+06
106.3,1.66E+06
106.35,1.66E+06
106.4,1.66E+06
106.45,1.65E+06
106.5,1.65E+06
106.55,1.65E+06
106.6,1.65E+06
106.65,1.65E+06
106.7,1.64E+06
106.75,1.64E+06
106.8,1.64E+06
106.85,1.64E+06
106.9,1.63E+06
106.95,1.63E+06
107,1.63E+06
107.05,1.63E+06
107.1,1.63E+06
107.15,1.62E+06
107.2,1.62E+06
107.25,1.62E+06
107.3,1.62E+06
107.35,1.61E+06
107.4,1.61E+06
107.45,1.61E+06
107.5,1.61E+06
107.55,1.61E+06
107.6,1.60E+06
107.65,1.60E+06
107.7,1.60E+06
107.75,1.60E+06
107.8,1.59E+06
107.85,1.59E+06
107.9,1.59E+06
107.95,1.59E+06
108,1.59E+06
108.05,1.58E+06
108.1,1.58E+06
108.15,1.58E+06
108.2,1.58E+06
108.25,1.57E+06
108.3,1.57E+06
108.35,1.57E+06
108.4,1.57E+06
108.45,1.57E+06
108.5,1.56E+06
108.55,1.56E+06
108.6,1.56E+06
108.65,1.56E+06
108.7,1.55E+06
108.75,1.55E+06
108.8,1.55E+06
108.85,1.55E+06
108.9,1.55E+06
108.95,1.54E+06
109,1.54E+06
109.05,1.54E+06
109.1,1.54E+06
109.15,1.53E+06
109.2,1.53E+06
109.25,1.53E+06
109.3,1.53E+06
109.35,1.53E+06
109.4,1.52E+06
109.45,1.52E+06
109.5,1.52E+06
109.55,1.52E+06
109.6,1.52E+06
109.65,1.51E+06
109.7,1.51E+06
109.75,1.51E+06
109.8,1.51E+06
109.85,1.50E+06
109.9,1.50E+06
109.95,1.50E+06
110,1.50E+06
110.05,1.50E+06
110.1,1.49E+06
110.15,1.49E+06
110.2,1.49E+06
110.25,1.49E+06
110.3,1.49E+06
110.35,1.48E+06
110.4,1.48E+06
110.45,1.48E+06
110.5,1.48E+06
110.55,1.47E+06
110.6,1.47E+06
110.65,1.47E+06
110.7,1.47E+06
110.75,1.47E+06
110.8,1.46E+06
110.85,1.46E+06
110.9,1.46E+06
110.95,1.46E+06
111,1.46E+06
111.05,1.45E+06
111.1,1.45E+06
111.15,1.45E+06
111.2,1.45E+06
111.25,1.45E+06
111.3,1.44E+06
111.35,1.44E+06
111.4,1.44E+06
111.45,1.44E+06
111.5,1.43E+06
111.55,1.43E+06
111.6,1.43E+06
111.65,1.43E+06
111.7,1.43E+06
111.75,1.42E+06
111.8,1.42E+06
111.85,1.42E+06
111.9,1.42E+06
111.95,1.42E+06
112,1.41E+06
112.05,1.41E+06
112.1,1.41E+06
112.15,1.41E+06
112.2,1.41E+06
112.25,1.40E+06
112.3,1.40E+06
112.35,1.40E+06
112.4,1.40E+06
112.45,1.39E+06
112.5,1.39E+06
112.55,1.39E+06
112.6,1.39E+06
112.65,1.39E+06
112.7,1.38E+06
112.75,1.38E+06
112.8,1.38E+06
112.85,1.38E+06
112.9,1.38E+06
112.95,1.37E+06
113,1.37E+06
113.05,1.37E+06
113.1,1.37E+06
113.15,1.37E+06
113.2,1.36E+06
113.25,1.36E+06
113.3,1.36E+06
113.35,1.36E+06
113.4,1.36E+06
113.45,1.35E+06
113.5,1.35E+06
113.55,1.35E+06
113.6,1.35E+06
113.65,1.35E+06
113.7,1.34E+06
113.75,1.34E+06
113.8,1.34E+06
113.85,1.34E+06
113.9,1.34E+06
113.95,1.33E+06
114,1.33E+06
114.05,1.33E+06
114.1,1.33E+06
114.15,1.33E+06
114.2,1.32E+06
114.25,1.32E+06
114.3,1.32E+06
114.35,1.32E+06
114.4,1.32E+06
114.45,1.31E+06
114.5,1.31E+06
114.55,1.31E+06
114.6,1.31E+06
114.65,1.31E+06
114.7,1.30E+06
114.75,1.30E+06
114.8,1.30E+06
114.85,1.30E+06
114.9,1.30E+06
114.95,1.29E+06
115,1.29E+06
115.05,1.29E+06
115.1,1.29E+06
115.15,1.29E+06
115.2,1.28E+06
115.25,1.28E+06
115.3,1.28E+06
115.35,1.28E+06
115.4,1.28E+06
115.45,1.27E+06
115.5,1.27E+06
115.55,1.27E+06
115.6,1.27E+06
115.65,1.27E+06
115.7,1.26E+06
115.75,1.26E+06
115.8,1.26E+06
115.85,1.26E+06
115.9,1.26E+06
115.95,1.25E+06
116,1.25E+06
116.05,1.25E+06
116.1,1.25E+06
116.15,1.25E+06
116.2,1.24E+06
116.25,1.24E+06
116.3,1.24E+06
116.35,1.24E+06
116.4,1.24E+06
116.45,1.23E+06
116.5,1.23E+06
116.55,1.23E+06
116.6,1.23E+06
116.65,1.23E+06
116.7,1.23E+06
116.75,1.22E+06
116.8,1.22E+06
116.85,1.22E+06
116.9,1.22E+06
116.95,1.22E+06
117,1.21E+06
117.05,1.21E+06
117.1,1.21E+06
117.15,1.21E+06
117.2,1.21E+06
117.25,1.20E+06
117.3,1.20E+06
117.35,1.20E+06
117.4,1.20E+06
117.45,1.20E+06
117.5,1.19E+06
117.55,1.19E+06
117.6,1.19E+06
117.65,1.19E+06
117.7,1.19E+06
117.75,1.19E+06
117.8,1.18E+06
117.85,1.18E+06
117.9,1.18E+06
117.95,1.18E+06
118,1.18E+06
118.05,1.17E+06
118.1,1.17E+06
118.15,1.17E+06
118.2,1.17E+06
118.25,1.17E+06
118.3,1.16E+06
118.35,1.16E+06
118.4,1.16E+06
118.45,1.16E+06
118.5,1.16E+06
118.55,1.15E+06
118.6,1.15E+06
118.65,1.15E+06
118.7,1.15E+06
118.75,1.15E+06
118.8,1.15E+06
118.85,1.14E+06
118.9,1.14E+06
118.95,1.14E+06
119,1.14E+06
119.05,1.14E+06
119.1,1.13E+06
119.15,1.13E+06
119.2,1.13E+06
119.25,1.13E+06
119.3,1.13E+06
119.35,1.12E+06
119.4,1.12E+06
119.45,1.12E+06
119.5,1.12E+06
119.55,1.12E+06
119.6,1.12E+06
119.65,1.11E+06
119.7,1.11E+06
119.75,1.11E+06
119.8,1.11E+06
119.85,1.11E+06
119.9,1.10E+06
119.95,1.10E+06
120,1.10E+06
120.05,1.10E+06
120.1,1.10E+06
120.15,1.10E+06
120.2,1.09E+06
120.25,1.09E+06
120.3,1.09E+06
120.35,1.09E+06
120.4,1.09E+06
120.45,1.08E+06
120.5,1.08E+06
120.55,1.08E+06
120.6,1.08E+06
120.65,1.08E+06
120.7,1.08E+06
120.75,1.07E+06
120.8,1.07E+06
120.85,1.07E+06
120.9,1.07E+06
120.95,1.07E+06
121,1.06E+06
121.05,1.06E+06
121.1,1.06E+06
121.15,1.06E+06
121.2,1.06E+06
121.25,1.06E+06
121.3,1.05E+06
121.35,1.05E+06
121.4,1.05E+06
121.45,1.05E+06
121.5,1.05E+06
121.55,1.04E+06
121.6,1.04E+06
121.65,1.04E+06
121.7,1.04E+06
121.75,1.04E+06
121.8,1.04E+06
121.85,1.03E+06
121.9,1.03E+06
121.95,1.03E+06
122,1.03E+06
122.05,1.03E+06
122.1,1.02E+06
122.15,1.02E+06
122.2,1.02E+06
122.25,1.02E+06
122.3,1.02E+06
122.35,1.02E+06
122.4,1.01E+06
122.45,1.01E+06
122.5,1.01E+06
122.55,1.01E+06
122.6,1.01E+06
122.65,1.00E+06
122.7,1.00E+06
122.75,1.00E+06
122.8,999717.1
122.85,997969.5
122.9,996224.2
122.95,994481.2
123,993064.4
123.05,991246.5
123.1,989431
123.15,987618
123.2,985807.3
123.25,983999.1
123.3,982193.2
123.35,980389.8
123.4,978588.7
123.45,976790.1
123.5,974993.8
123.55,973199.9
123.6,971408.4
123.65,969619.2
123.7,967832.4
123.75,966048
123.8,964266
123.85,962486.3
123.9,960709
123.95,958934
124,957161.4
124.05,955394.5
124.1,953630
124.15,951867.9
124.2,950108
124.25,948350.5
124.3,946595.3
124.35,944842.4
124.4,943091.8
124.45,941343.5
124.5,939597.5
124.55,937853.8
124.6,936112.4
124.65,934373.3
124.7,932636.5
124.75,930902
124.8,929169.7
124.85,927439.8
124.9,925712
124.95,923986.6
125,922263.4
125.05,920541.2
125.1,918821.3
125.15,917103.7
125.2,915388.3
125.25,913675.1
125.3,911964.2
125.35,910255.5
125.4,908549.1
125.45,906844.9
125.5,905142.9
125.55,903443.2
125.6,901745.6
125.65,900050.3
125.7,898357.3
125.75,896666.4
125.8,894977.7
125.85,893291.3
125.9,891607
125.95,889925
126,888559
126.05,886796.6
126.1,885036.6
126.15,883278.9
126.2,881523.5
126.25,879770.4
126.3,878019.7
126.35,876271.3
126.4,874525.2
126.45,872781.4
126.5,871039.9
126.55,869300.8
126.6,867563.9
126.65,865829.3
126.7,864097
126.75,862367
126.8,860639.3
126.85,858913.8
126.9,857190.6
126.95,855469.7
127,853751.1
127.05,852041
127.1,850333.2
127.15,848627.6
127.2,846924.2
127.25,845223.1
127.3,843524.1
127.35,841827.4
127.4,840132.9
127.45,838440.7
127.5,836750.6
127.55,835062.7
127.6,833377
127.65,831693.5
127.7,830012.2
127.75,828333.1
127.8,826656.2
127.85,824981.5
127.9,823308.9
127.95,821638.5
128,819970.3
128.05,818300.3
128.1,816632.4
128.15,814966.8
128.2,813303.3
128.25,811642
128.3,809982.9
128.35,808325.9
128.4,806671.1
128.45,805018.5
128.5,803368
128.55,801719.7
128.6,800073.5
128.65,798429.5
128.7,796787.6
128.75,795147.9
128.8,793510.2
128.85,791874.8
128.9,790241.4
128.95,788610.2
129,786981.1
129.05,785569.8
129.1,783854.3
129.15,782141
129.2,780429.9
129.25,778721.1
129.3,777014.5
129.35,775310.2
129.4,773608.1
129.45,771908.3
129.5,770210.7
129.55,768515.3
129.6,766822.1
129.65,765131.1
129.7,763442.4
129.75,761755.9
129.8,760071.5
129.85,758389.4
129.9,756709.5
129.95,755031.8
130,753356.3
130.05,751680.4
130.1,750006.8
130.15,748335.4
130.2,746666.1
130.25,744999.1
130.3,743334.2
130.35,741671.6
130.4,740011.1
130.45,738352.8
130.5,736696.6
130.55,735042.7
130.6,733390.9
130.65,731741.3
130.7,730093.8
130.75,728448.5
130.8,726805.3
130.85,725164.3
130.9,723525.5
130.95,721888.8
131,720254.2
131.05,718633.8
131.1,717015.4
131.15,715399
131.2,713784.8
131.25,712172.6
131.3,710562.5
131.35,708954.4
131.4,707348.4
131.45,705744.4
131.5,704142.5
131.55,702542.6
131.6,700944.8
131.65,699349
131.7,697755.2
131.75,696163.5
131.8,694573.7
131.85,692986.1
131.9,691400.4
131.95,689816.7
132,688235.1
132.05,686847.7
132.1,685161.1
132.15,683476.7
132.2,681794.6
132.25,680114.6
132.3,678436.9
132.35,676761.3
132.4,675087.9
132.45,673416.8
132.5,671747.8
132.55,670081
132.6,668416.4
132.65,666754
132.7,665093.7
132.75,663435.7
132.8,661779.8
132.85,660126
132.9,658474.4
132.95,656825
133,655177.8
133.05,653532.7
133.1,651889.7
133.15,650248.9
133.2,648610.2
133.25,646973.7
133.3,645339.3
133.35,643707
133.4,642076.9
133.45,640448.8
133.5,638822.9
133.55,637199.2
133.6,635577.5
133.65,633957.9
133.7,632340.5
133.75,630725.2
133.8,629111.9
133.85,627500.8
133.9,625891.7
133.95,624284.8
134,622679.9
134.05,621080.9
134.1,619483.9
134.15,617889
134.2,616296.1
134.25,614705.3
134.3,613116.5
134.35,611529.8
134.4,609945.1
134.45,608362.5
134.5,606781.9
134.55,605203.3
134.6,603626.8
134.65,602052.3
134.7,600479.8
134.75,598909.3
134.8,597340.9
134.85,595774.4
134.9,594210
134.95,592647.6
135,591087.2
135.05,589716.5
135.1,588049.2
135.15,586384
135.2,584721.1
135.25,583060.2
135.3,581401.6
135.35,579745.1
135.4,578090.8
135.45,576438.6
135.5,574788.6
135.55,573140.7
135.6,571495
135.65,569851.3
135.7,568209.9
135.75,566570.5
135.8,564933.3
135.85,563298.2
135.9,561665.2
135.95,560034.4
136,558405.6
136.05,556776.4
136.1,555149.3
136.15,553524.3
136.2,551901.5
136.25,550280.7
136.3,548662
136.35,547045.5
136.4,545431
136.45,543818.6
136.5,542208.3
136.55,540600.1
136.6,538994
136.65,537390
136.7,535788
136.75,534188.1
136.8,532590.3
136.85,530994.6
136.9,529400.9
136.95,527809.3
137,526219.7
137.05,524635.3
137.1,523053
137.15,521472.7
137.2,519894.4
137.25,518318.2
137.3,516744
137.35,515171.8
137.4,513601.6
137.45,512033.4
137.5,510467.2
137.55,508903
137.6,507340.8
137.65,505780.6
137.7,504222.4
137.75,502666.2
137.8,501112
137.85,499559.8
137.9,498009.6
137.95,496461.3
138,494915
138.05,493541
138.1,491870.6
138.15,490202.4
138.2,488536.4
138.25,486872.5
138.3,485210.8
138.35,483551.3
138.4,481894
138.45,480238.8
138.5,478585.8
138.55,476934.9
138.6,475286.2
138.65,473639.7
138.7,471995.2
138.75,470353
138.8,468712.8
138.85,467074.8
138.9,465439
138.95,463805.3
139,462173.7
139.05,460548.7
139.1,458925.8
139.15,457305
139.2,455686.3
139.25,454069.6
139.3,452455
139.35,450842.5
139.4,449232.1
139.45,447623.7
139.5,446017.3
139.55,444413
139.6,442810.8
139.65,441210.6
139.7,439612.5
139.75,438016.4
139.8,436422.3
139.85,434830.3
139.9,433240.3
139.95,431652.3
140,430066.4
140.05,428480.9
140.1,426897.4
140.15,425316
140.2,423736.6
140.25,422159.3
140.3,420584
140.35,419010.6
140.4,417439.4
140.45,415870.1
140.5,414302.8
140.55,412737.6
140.6,411174.3
140.65,409613
140.7,408053.8
140.75,406496.5
140.8,404941.3
140.85,403388
140.9,401836.7
140.95,400287.4
141,398740.1
141.05,397266.5
141.1,395472
141.15,393679.9
141.2,391890.1
141.25,390102.6
141.3,388317.5
141.35,386534.7
141.4,384754.3
141.45,382976.1
141.5,381200.3
141.55,379426.8
141.6,377655.6
141.65,375886.7
141.7,374120.1
141.75,372355.8
141.8,370593.8
141.85,368834.1
141.9,367076.7
141.95,365321.6
142,363568.8
142.05,361819
142.1,360071.4
142.15,358326.1
142.2,356583
142.25,354842.2
142.3,353103.7
142.35,351367.4
142.4,349633.3
142.45,347901.5
142.5,346171.9
142.55,344444.6
142.6,342719.4
142.65,340996.6
142.7,339275.9
142.75,337557.4
142.8,335841.2
142.85,334127.2
142.9,332415.4
142.95,330705.7
143,328998.3
143.05,327296.9
143.1,325597.7
143.15,323900.6
143.2,322205.6
143.25,320512.9
143.3,318822.2
143.35,317133.7
143.4,315447.4
143.45,313763.2
143.5,312081.1
143.55,310401.2
143.6,308723.4
143.65,307047.7
143.7,305374.1
143.75,303702.7
143.8,302033.4
143.85,300366.2
143.9,298701.1
143.95,297038.1
144,295377.2
144.05,293960.5
144.1,292239.6
144.15,290520.9
144.2,288804.5
144.25,287090.3
144.3,285378.3
144.35,283668.6
144.4,281961
144.45,280255.7
144.5,278552.6
144.55,276851.7
144.6,275153
144.65,273456.5
144.7,271762.2
144.75,270070.1
144.8,268380.2
144.85,266692.5
144.9,265007
144.95,263323.7
145,261642.5
145.05,259963.5
145.1,258286.7
145.15,256612.1
145.2,254939.6
145.25,253269.3
145.3,251601.2
145.35,249935.2
145.4,248271.3
145.45,246609.7
145.5,244950.1
145.55,243292.7
145.6,241637.5
145.65,239984.4
145.7,238333.4
145.75,236684.6
145.8,235037.8
145.85,233393.2
145.9,231750.8
145.95,230110.4
146,228472.2
146.05,226837.4
146.1,225204.7
146.15,223574.2
146.2,221945.7
146.25,220319.2
146.3,218694.9
146.35,217072.6
146.4,215452.4
146.45,213834.3
146.5,212218.2
146.55,210604.2
146.6,208992.3
146.65,207382.4
146.7,205774.5
146.75,204168.7
146.8,202565
146.85,200963.3
146.9,199363.6
146.95,197766
147,196170.4
147.05,193383.8
147.1,189981
147.15,186582.6
147.2,183188.6
147.25,179799
147.3,176413.9
147.35,173033.2
147.4,169656.9
147.45,166285
147.5,162917.5
147.55,159554.3
147.6,156195.6
147.65,152841.2
147.7,149491.2
147.75,146145.5
147.8,142804.2
147.85,139467.3
147.9,136134.7
147.95,132806.4
148,129482.5
148.05,126162.1
148.1,122846
148.15,119534.3
148.2,116226.9
148.25,112923.9
148.3,109625.2
148.35,106330.8
148.4,103040.7
148.45,99754.97
148.5,96473.52
148.55,93196.37
148.6,89923.51
148.65,86654.94
148.7,83390.65
148.75,80130.62
148.8,76874.87
148.85,73623.37
148.9,70376.12
148.95,67133.13
149,63894.37
149.05,60659.85
149.1,57429.55
149.15,54203.48
149.2,50981.62
149.25,47763.97
149.3,44550.52
149.35,41341.27
149.4,38136.2
149.45,34935.33
149.5,31738.62
149.55,28546.09
149.6,25357.73
149.65,22173.52
149.7,18993.47
149.75,15817.56
149.8,12645.79
149.85,9478.159
149.9,6314.653
149.95,3155.269
150,0
