59.45,1.00E+07
59.5,1.00E+07
59.55,0.00E+00
59.6,0.00E+00
59.65,0.00E+00
59.7,0.00E+00
59.75,0.00E+00
59.8,0.00E+00
59.85,0.00E+00
59.9,0.00E+00
59.95,0.00E+00
60,0.00E+00
60.05,0.00E+00
60.1,0.00E+00
60.15,0.00E+00
60.2,0.00E+00
60.25,0.00E+00
60.3,0.00E+00
60.35,0.00E+00
60.4,0.00E+00
60.45,0.00E+00
60.5,0.00E+00
60.55,0.00E+00
60.6,0.00E+00
60.65,0.00E+00
60.7,0.00E+00
60.75,0.00E+00
60.8,0.00E+00
60.85,0.00E+00
60.9,0.00E+00
60.95,0.00E+00
61,0.00E+00
61.05,0.00E+00
61.1,0.00E+00
61.15,0.00E+00
61.2,0.00E+00
61.25,0.00E+00
61.3,0.00E+00
61.35,0.00E+00
61.4,0.00E+00
61.45,0.00E+00
61.5,0.00E+00
61.55,0.00E+00
61.6,0.00E+00
61.65,0.00E+00
61.7,0.00E+00
61.75,0.00E+00
61.8,0.00E+00
61.85,0.00E+00
61.9,0.00E+00
61.95,0.00E+00
62,0.00E+00
62.05,0.00E+00
62.1,0.00E+00
62.15,0.00E+00
62.2,0.00E+00
62.25,0.00E+00
62.3,0.00E+00
62.35,0.00E+00
62.4,0.00E+00
62.45,0.00E+00
62.5,0.00E+00
62.55,0.00E+00
62.6,0.00E+00
62.65,0.00E+00
62.7,0.00E+00
62.75,0.00E+00
62.8,0.00E+00
62.85,0.00E+00
62.9,0.00E+00
62.95,0.00E+00
63,0.00E+00
63.05,0.00E+00
63.1,0.00E+00
63.15,0.00E+00
63.2,0.00E+00
63.25,0.00E+00
63.3,0.00E+00
63.35,0.00E+00
63.4,0.00E+00
63.45,0.00E+00
63.5,0.00E+00
63.55,0.00E+00
63.6,0.00E+00
63.65,0.00E+00
63.7,0.00E+00
63.75,0.00E+00
63.8,0.00E+00
63.85,0.00E+00
63.9,0.00E+00
63.95,0.00E+00
64,0.00E+00
64.05,0.00E+00
64.1,0.00E+00
64.15,0.00E+00
64.2,0.00E+00
64.25,0.00E+00
64.3,0.00E+00
64.35,0.00E+00
64.4,0.00E+00
64.45,0.00E+00
64.5,0.00E+00
64.55,0.00E+00
64.6,0.00E+00
64.65,0.00E+00
64.7,0.00E+00
64.75,0.00E+00
64.8,0.00E+00
64.85,0.00E+00
64.9,0.00E+00
64.95,0.00E+00
65,0.00E+00
65.05,0.00E+00
65.1,0.00E+00
65.15,0.00E+00
65.2,0.00E+00
65.25,0.00E+00
65.3,0.00E+00
65.35,0.00E+00
65.4,0.00E+00
65.45,0.00E+00
65.5,0.00E+00
65.55,0.00E+00
65.6,0.00E+00
65.65,0.00E+00
65.7,0.00E+00
65.75,0.00E+00
65.8,0.00E+00
65.85,0.00E+00
65.9,0.00E+00
65.95,0.00E+00
66,0.00E+00
66.05,0.00E+00
66.1,0.00E+00
66.15,0.00E+00
66.2,0.00E+00
66.25,0.00E+00
66.3,0.00E+00
66.35,0.00E+00
66.4,0.00E+00
66.45,0.00E+00
66.5,0.00E+00
66.55,0.00E+00
66.6,0.00E+00
66.65,0.00E+00
66.7,0.00E+00
66.75,0.00E+00
66.8,0.00E+00
66.85,0.00E+00
66.9,0.00E+00
66.95,0.00E+00
67,0.00E+00
67.05,0.00E+00
67.1,0.00E+00
67.15,0.00E+00
67.2,0.00E+00
67.25,0.00E+00
67.3,0.00E+00
67.35,0.00E+00
67.4,0.00E+00
67.45,0.00E+00
67.5,0.00E+00
67.55,0.00E+00
67.6,0.00E+00
67.65,0.00E+00
67.7,0.00E+00
67.75,0.00E+00
67.8,0.00E+00
67.85,0.00E+00
67.9,0.00E+00
67.95,0.00E+00
68,0.00E+00
68.05,0.00E+00
68.1,0.00E+00
68.15,0.00E+00
68.2,0.00E+00
68.25,0.00E+00
68.3,0.00E+00
68.35,0.00E+00
68.4,0.00E+00
68.45,0.00E+00
68.5,0.00E+00
68.55,0.00E+00
68.6,0.00E+00
68.65,0.00E+00
68.7,0.00E+00
68.75,0.00E+00
68.8,0.00E+00
68.85,0.00E+00
68.9,0.00E+00
68.95,0.00E+00
69,0.00E+00
69.05,0.00E+00
69.1,0.00E+00
69.15,0.00E+00
69.2,0.00E+00
69.25,0.00E+00
69.3,0.00E+00
69.35,0.00E+00
69.4,0.00E+00
69.45,0.00E+00
69.5,0.00E+00
69.55,0.00E+00
69.6,0.00E+00
69.65,0.00E+00
69.7,0.00E+00
69.75,0.00E+00
69.8,0.00E+00
69.85,0.00E+00
69.9,0.00E+00
69.95,0.00E+00
70,0.00E+00
70.05,0.00E+00
70.1,0.00E+00
70.15,0.00E+00
70.2,0.00E+00
70.25,0.00E+00
70.3,0.00E+00
70.35,0.00E+00
70.4,0.00E+00
70.45,0.00E+00
70.5,0.00E+00
70.55,0.00E+00
70.6,0.00E+00
70.65,0.00E+00
70.7,0.00E+00
70.75,0.00E+00
70.8,0.00E+00
70.85,0.00E+00
70.9,0.00E+00
70.95,0.00E+00
71,0.00E+00
71.05,0.00E+00
71.1,0.00E+00
71.15,0.00E+00
71.2,0.00E+00
71.25,0.00E+00
71.3,0.00E+00
71.35,0.00E+00
71.4,0.00E+00
71.45,0.00E+00
71.5,0.00E+00
71.55,0.00E+00
71.6,0.00E+00
71.65,0.00E+00
71.7,0.00E+00
71.75,0.00E+00
71.8,0.00E+00
71.85,0.00E+00
71.9,0.00E+00
71.95,0.00E+00
72,0.00E+00
72.05,0.00E+00
72.1,0.00E+00
72.15,0.00E+00
72.2,0.00E+00
72.25,0.00E+00
72.3,0.00E+00
72.35,0.00E+00
72.4,0.00E+00
72.45,0.00E+00
72.5,0.00E+00
72.55,0.00E+00
72.6,0.00E+00
72.65,0.00E+00
72.7,0.00E+00
72.75,0.00E+00
72.8,0.00E+00
72.85,0.00E+00
72.9,0.00E+00
72.95,0.00E+00
73,0.00E+00
73.05,0.00E+00
73.1,0.00E+00
73.15,0.00E+00
73.2,0.00E+00
73.25,0.00E+00
73.3,0.00E+00
73.35,0.00E+00
73.4,0.00E+00
73.45,0.00E+00
73.5,0.00E+00
73.55,0.00E+00
73.6,0.00E+00
73.65,0.00E+00
73.7,0.00E+00
73.75,0.00E+00
73.8,0.00E+00
73.85,0.00E+00
73.9,0.00E+00
73.95,0.00E+00
74,0.00E+00
74.05,0.00E+00
74.1,0.00E+00
74.15,0.00E+00
74.2,0.00E+00
74.25,0.00E+00
74.3,0.00E+00
74.35,0.00E+00
74.4,0.00E+00
74.45,0.00E+00
74.5,0.00E+00
74.55,0.00E+00
74.6,0.00E+00
74.65,0.00E+00
74.7,0.00E+00
74.75,0.00E+00
74.8,0.00E+00
74.85,0.00E+00
74.9,0.00E+00
74.95,0.00E+00
75,0.00E+00
75.05,0.00E+00
75.1,0.00E+00
75.15,0.00E+00
75.2,0.00E+00
75.25,0.00E+00
75.3,0.00E+00
75.35,0.00E+00
75.4,0.00E+00
75.45,0.00E+00
75.5,0.00E+00
75.55,0.00E+00
75.6,0.00E+00
75.65,0.00E+00
75.7,0.00E+00
75.75,0.00E+00
75.8,0.00E+00
75.85,0.00E+00
75.9,0.00E+00
75.95,0.00E+00
76,0.00E+00
76.05,0.00E+00
76.1,0.00E+00
76.15,0.00E+00
76.2,0.00E+00
76.25,0.00E+00
76.3,0.00E+00
76.35,0.00E+00
76.4,0.00E+00
76.45,0.00E+00
76.5,0.00E+00
76.55,0.00E+00
76.6,0.00E+00
76.65,0.00E+00
76.7,0.00E+00
76.75,0.00E+00
76.8,0.00E+00
76.85,0.00E+00
76.9,0.00E+00
76.95,0.00E+00
77,0.00E+00
77.05,0.00E+00
77.1,0.00E+00
77.15,0.00E+00
77.2,0.00E+00
77.25,0.00E+00
77.3,0.00E+00
77.35,0.00E+00
77.4,0.00E+00
77.45,0.00E+00
77.5,0.00E+00
77.55,0.00E+00
77.6,0.00E+00
77.65,0.00E+00
77.7,0.00E+00
77.75,0.00E+00
77.8,0.00E+00
77.85,0.00E+00
77.9,0.00E+00
77.95,0.00E+00
78,0.00E+00
78.05,0.00E+00
78.1,0.00E+00
78.15,0.00E+00
78.2,0.00E+00
78.25,0.00E+00
78.3,0.00E+00
78.35,0.00E+00
78.4,0.00E+00
78.45,0.00E+00
78.5,0.00E+00
78.55,0.00E+00
78.6,0.00E+00
78.65,0.00E+00
78.7,0.00E+00
78.75,0.00E+00
78.8,0.00E+00
78.85,0.00E+00
78.9,0.00E+00
78.95,0.00E+00
79,0.00E+00
79.05,0.00E+00
79.1,0.00E+00
79.15,0.00E+00
79.2,0.00E+00
79.25,0.00E+00
79.3,0.00E+00
79.35,0.00E+00
79.4,0.00E+00
79.45,0.00E+00
79.5,0.00E+00
79.55,0.00E+00
79.6,0.00E+00
79.65,0.00E+00
79.7,0.00E+00
79.75,0.00E+00
79.8,0.00E+00
79.85,0.00E+00
79.9,0.00E+00
79.95,0.00E+00
80,0.00E+00
80.05,0.00E+00
80.1,0.00E+00
80.15,0.00E+00
80.2,0.00E+00
80.25,0.00E+00
80.3,0.00E+00
80.35,0.00E+00
80.4,0.00E+00
80.45,0.00E+00
80.5,0.00E+00
80.55,0.00E+00
80.6,0.00E+00
80.65,0.00E+00
80.7,0.00E+00
80.75,0.00E+00
80.8,0.00E+00
80.85,0.00E+00
80.9,0.00E+00
80.95,0.00E+00
81,0.00E+00
81.05,0.00E+00
81.1,0.00E+00
81.15,0.00E+00
81.2,0.00E+00
81.25,0.00E+00
81.3,0.00E+00
81.35,0.00E+00
81.4,0.00E+00
81.45,0.00E+00
81.5,0.00E+00
81.55,0.00E+00
81.6,0.00E+00
81.65,0.00E+00
81.7,0.00E+00
81.75,0.00E+00
81.8,0.00E+00
81.85,0.00E+00
81.9,0.00E+00
81.95,0.00E+00
82,0.00E+00
82.05,0.00E+00
82.1,0.00E+00
82.15,0.00E+00
82.2,0.00E+00
82.25,0.00E+00
82.3,0.00E+00
82.35,0.00E+00
82.4,0.00E+00
82.45,0.00E+00
82.5,0.00E+00
82.55,0.00E+00
82.6,0.00E+00
82.65,0.00E+00
82.7,0.00E+00
82.75,0.00E+00
82.8,0.00E+00
82.85,0.00E+00
82.9,0.00E+00
82.95,0.00E+00
83,0.00E+00
83.05,0.00E+00
83.1,0.00E+00
83.15,0.00E+00
83.2,0.00E+00
83.25,0.00E+00
83.3,0.00E+00
83.35,0.00E+00
83.4,0.00E+00
83.45,0.00E+00
83.5,0.00E+00
83.55,0.00E+00
83.6,0.00E+00
83.65,0.00E+00
83.7,0.00E+00
83.75,0.00E+00
83.8,0.00E+00
83.85,0.00E+00
83.9,0.00E+00
83.95,0.00E+00
84,0.00E+00
84.05,0.00E+00
84.1,0.00E+00
84.15,0.00E+00
84.2,0.00E+00
84.25,0.00E+00
84.3,0.00E+00
84.35,0.00E+00
84.4,0.00E+00
84.45,0.00E+00
84.5,0.00E+00
84.55,0.00E+00
84.6,0.00E+00
84.65,0.00E+00
84.7,0.00E+00
84.75,0.00E+00
84.8,0.00E+00
84.85,0.00E+00
84.9,0.00E+00
84.95,0.00E+00
85,0.00E+00
85.05,0.00E+00
85.1,0.00E+00
85.15,0.00E+00
85.2,0.00E+00
85.25,0.00E+00
85.3,0.00E+00
85.35,0.00E+00
85.4,0.00E+00
85.45,0.00E+00
85.5,0.00E+00
85.55,0.00E+00
85.6,0.00E+00
85.65,0.00E+00
85.7,0.00E+00
85.75,0.00E+00
85.8,0.00E+00
85.85,0.00E+00
85.9,0.00E+00
85.95,0.00E+00
86,0.00E+00
86.05,0.00E+00
86.1,0.00E+00
86.15,0.00E+00
86.2,0.00E+00
86.25,0.00E+00
86.3,0.00E+00
86.35,0.00E+00
86.4,0.00E+00
86.45,0.00E+00
86.5,0.00E+00
86.55,0.00E+00
86.6,0.00E+00
86.65,0.00E+00
86.7,0.00E+00
86.75,0.00E+00
86.8,0.00E+00
86.85,0.00E+00
86.9,0.00E+00
86.95,0.00E+00
87,0.00E+00
87.05,0.00E+00
87.1,0.00E+00
87.15,0.00E+00
87.2,0.00E+00
87.25,0.00E+00
87.3,0.00E+00
87.35,0.00E+00
87.4,0.00E+00
87.45,0.00E+00
87.5,0.00E+00
87.55,0.00E+00
87.6,0.00E+00
87.65,0.00E+00
87.7,0.00E+00
87.75,0.00E+00
87.8,0.00E+00
87.85,0.00E+00
87.9,0.00E+00
87.95,0.00E+00
88,0.00E+00
88.05,0.00E+00
88.1,0.00E+00
88.15,0.00E+00
88.2,0.00E+00
88.25,0.00E+00
88.3,0.00E+00
88.35,0.00E+00
88.4,0.00E+00
88.45,0.00E+00
88.5,0.00E+00
88.55,0.00E+00
88.6,0.00E+00
88.65,0.00E+00
88.7,0.00E+00
88.75,0.00E+00
88.8,0.00E+00
88.85,0.00E+00
88.9,0.00E+00
88.95,0.00E+00
89,0.00E+00
89.05,0.00E+00
89.1,0.00E+00
89.15,0.00E+00
89.2,0.00E+00
89.25,0.00E+00
89.3,0.00E+00
89.35,0.00E+00
89.4,0.00E+00
89.45,0.00E+00
89.5,0.00E+00
89.55,0.00E+00
89.6,0.00E+00
89.65,0.00E+00
89.7,0.00E+00
89.75,0.00E+00
89.8,0.00E+00
89.85,0.00E+00
89.9,0.00E+00
89.95,0.00E+00
90,0.00E+00
90.05,0.00E+00
90.1,0.00E+00
90.15,0.00E+00
90.2,0.00E+00
90.25,0.00E+00
90.3,0.00E+00
90.35,0.00E+00
90.4,0.00E+00
90.45,0.00E+00
90.5,0.00E+00
90.55,0.00E+00
90.6,0.00E+00
90.65,0.00E+00
90.7,0.00E+00
90.75,0.00E+00
90.8,0.00E+00
90.85,0.00E+00
90.9,0.00E+00
90.95,0.00E+00
91,0.00E+00
91.05,0.00E+00
91.1,0.00E+00
91.15,0.00E+00
91.2,0.00E+00
91.25,0.00E+00
91.3,0.00E+00
91.35,0.00E+00
91.4,0.00E+00
91.45,0.00E+00
91.5,0.00E+00
91.55,0.00E+00
91.6,0.00E+00
91.65,0.00E+00
91.7,0.00E+00
91.75,0.00E+00
91.8,0.00E+00
91.85,0.00E+00
91.9,0.00E+00
91.95,0.00E+00
92,0.00E+00
92.05,0.00E+00
92.1,0.00E+00
92.15,0.00E+00
92.2,0.00E+00
92.25,0.00E+00
92.3,0.00E+00
92.35,0.00E+00
92.4,0.00E+00
92.45,0.00E+00
92.5,0.00E+00
92.55,0.00E+00
92.6,0.00E+00
92.65,0.00E+00
92.7,0.00E+00
92.75,0.00E+00
92.8,0.00E+00
92.85,0.00E+00
92.9,0.00E+00
92.95,0.00E+00
93,0.00E+00
93.05,0.00E+00
93.1,0.00E+00
93.15,0.00E+00
93.2,0.00E+00
93.25,0.00E+00
93.3,0.00E+00
93.35,0.00E+00
93.4,0.00E+00
93.45,0.00E+00
93.5,0.00E+00
93.55,0.00E+00
93.6,0.00E+00
93.65,0.00E+00
93.7,0.00E+00
93.75,0.00E+00
93.8,0.00E+00
93.85,0.00E+00
93.9,0.00E+00
93.95,0.00E+00
94,0.00E+00
94.05,0.00E+00
94.1,0.00E+00
94.15,0.00E+00
94.2,0.00E+00
94.25,0.00E+00
94.3,0.00E+00
94.35,0.00E+00
94.4,0.00E+00
94.45,0.00E+00
94.5,0.00E+00
94.55,0.00E+00
94.6,0.00E+00
94.65,0.00E+00
94.7,0.00E+00
94.75,0.00E+00
94.8,0.00E+00
94.85,0.00E+00
94.9,0.00E+00
94.95,0.00E+00
95,0.00E+00
95.05,0.00E+00
95.1,0.00E+00
95.15,0.00E+00
95.2,0.00E+00
95.25,0.00E+00
95.3,0.00E+00
95.35,0.00E+00
95.4,0.00E+00
95.45,0.00E+00
95.5,0.00E+00
95.55,0.00E+00
95.6,0.00E+00
95.65,0.00E+00
95.7,0.00E+00
95.75,0.00E+00
95.8,0.00E+00
95.85,0.00E+00
95.9,0.00E+00
95.95,0.00E+00
96,0.00E+00
96.05,0.00E+00
96.1,0.00E+00
96.15,0.00E+00
96.2,0.00E+00
96.25,0.00E+00
96.3,0.00E+00
96.35,0.00E+00
96.4,0.00E+00
96.45,0.00E+00
96.5,0.00E+00
96.55,0.00E+00
96.6,0.00E+00
96.65,0.00E+00
96.7,0.00E+00
96.75,0.00E+00
96.8,0.00E+00
96.85,0.00E+00
96.9,0.00E+00
96.95,0.00E+00
97,0.00E+00
97.05,0.00E+00
97.1,0.00E+00
97.15,0.00E+00
97.2,0.00E+00
97.25,0.00E+00
97.3,0.00E+00
97.35,0.00E+00
97.4,0.00E+00
97.45,0.00E+00
97.5,0.00E+00
97.55,0.00E+00
97.6,0.00E+00
97.65,0.00E+00
97.7,0.00E+00
97.75,0.00E+00
97.8,0.00E+00
97.85,0.00E+00
97.9,0.00E+00
97.95,0.00E+00
98,0.00E+00
98.05,0.00E+00
98.1,0.00E+00
98.15,0.00E+00
98.2,0.00E+00
98.25,0.00E+00
98.3,0.00E+00
98.35,0.00E+00
98.4,0.00E+00
98.45,0.00E+00
98.5,0.00E+00
98.55,0.00E+00
98.6,0.00E+00
98.65,0.00E+00
98.7,0.00E+00
98.75,0.00E+00
98.8,0.00E+00
98.85,0.00E+00
98.9,0.00E+00
98.95,0.00E+00
99,0.00E+00
99.05,0.00E+00
99.1,0.00E+00
99.15,0.00E+00
99.2,0.00E+00
99.25,0.00E+00
99.3,0.00E+00
99.35,0.00E+00
99.4,0.00E+00
99.45,0.00E+00
99.5,0.00E+00
99.55,0.00E+00
99.6,0.00E+00
99.65,0.00E+00
99.7,0.00E+00
99.75,0.00E+00
99.8,0.00E+00
99.85,0.00E+00
99.9,0.00E+00
99.95,0.00E+00
100,0.00E+00
100.05,0.00E+00
100.1,0.00E+00
100.15,0.00E+00
100.2,0.00E+00
100.25,0.00E+00
100.3,0.00E+00
100.35,0.00E+00
100.4,0.00E+00
100.45,0.00E+00
100.5,0.00E+00
100.55,0.00E+00
100.6,0.00E+00
100.65,0.00E+00
100.7,0.00E+00
100.75,0.00E+00
100.8,0.00E+00
100.85,0.00E+00
100.9,0.00E+00
100.95,0.00E+00
101,0.00E+00
101.05,0.00E+00
101.1,0.00E+00
101.15,0.00E+00
101.2,0.00E+00
101.25,0.00E+00
101.3,0.00E+00
101.35,0.00E+00
101.4,0.00E+00
101.45,0.00E+00
101.5,0.00E+00
101.55,0.00E+00
101.6,0.00E+00
101.65,0.00E+00
101.7,0.00E+00
101.75,0.00E+00
101.8,0.00E+00
101.85,0.00E+00
101.9,0.00E+00
101.95,0.00E+00
102,0.00E+00
102.05,0.00E+00
102.1,0.00E+00
102.15,0.00E+00
102.2,0.00E+00
102.25,0.00E+00
102.3,0.00E+00
102.35,0.00E+00
102.4,0.00E+00
102.45,0.00E+00
102.5,0.00E+00
102.55,0.00E+00
102.6,0.00E+00
102.65,0.00E+00
102.7,0.00E+00
102.75,0.00E+00
102.8,0.00E+00
102.85,0.00E+00
102.9,0.00E+00
102.95,0.00E+00
103,0.00E+00
103.05,0.00E+00
103.1,0.00E+00
103.15,0.00E+00
103.2,0.00E+00
103.25,0.00E+00
103.3,0.00E+00
103.35,0.00E+00
103.4,0.00E+00
103.45,0.00E+00
103.5,0.00E+00
103.55,0.00E+00
103.6,0.00E+00
103.65,0.00E+00
103.7,0.00E+00
103.75,0.00E+00
103.8,0.00E+00
103.85,0.00E+00
103.9,0.00E+00
103.95,0.00E+00
104,0.00E+00
104.05,0.00E+00
104.1,0.00E+00
104.15,0.00E+00
104.2,0.00E+00
104.25,0.00E+00
104.3,0.00E+00
104.35,0.00E+00
104.4,0.00E+00
104.45,0.00E+00
104.5,0.00E+00
104.55,0.00E+00
104.6,0.00E+00
104.65,0.00E+00
104.7,0.00E+00
104.75,0.00E+00
104.8,0.00E+00
104.85,0.00E+00
104.9,0.00E+00
104.95,0.00E+00
105,0.00E+00
105.05,0.00E+00
105.1,0.00E+00
105.15,0.00E+00
105.2,0.00E+00
105.25,0.00E+00
105.3,0.00E+00
105.35,0.00E+00
105.4,0.00E+00
105.45,0.00E+00
105.5,0.00E+00
105.55,0.00E+00
105.6,0.00E+00
105.65,0.00E+00
105.7,0.00E+00
105.75,0.00E+00
105.8,0.00E+00
105.85,0.00E+00
105.9,0.00E+00
105.95,0.00E+00
106,0.00E+00
106.05,0.00E+00
106.1,0.00E+00
106.15,0.00E+00
106.2,0.00E+00
106.25,0.00E+00
106.3,0.00E+00
106.35,0.00E+00
106.4,0.00E+00
106.45,0.00E+00
106.5,0.00E+00
106.55,0.00E+00
106.6,0.00E+00
106.65,0.00E+00
106.7,0.00E+00
106.75,0.00E+00
106.8,0.00E+00
106.85,0.00E+00
106.9,0.00E+00
106.95,0.00E+00
107,0.00E+00
107.05,0.00E+00
107.1,0.00E+00
107.15,0.00E+00
107.2,0.00E+00
107.25,0.00E+00
107.3,0.00E+00
107.35,0.00E+00
107.4,0.00E+00
107.45,0.00E+00
107.5,0.00E+00
107.55,0.00E+00
107.6,0.00E+00
107.65,0.00E+00
107.7,0.00E+00
107.75,0.00E+00
107.8,0.00E+00
107.85,0.00E+00
107.9,0.00E+00
107.95,0.00E+00
108,0.00E+00
108.05,0.00E+00
108.1,0.00E+00
108.15,0.00E+00
108.2,0.00E+00
108.25,0.00E+00
108.3,0.00E+00
108.35,0.00E+00
108.4,0.00E+00
108.45,0.00E+00
108.5,0.00E+00
108.55,0.00E+00
108.6,0.00E+00
108.65,0.00E+00
108.7,0.00E+00
108.75,0.00E+00
108.8,0.00E+00
108.85,0.00E+00
108.9,0.00E+00
108.95,0.00E+00
109,0.00E+00
109.05,0.00E+00
109.1,0.00E+00
109.15,0.00E+00
109.2,0.00E+00
109.25,0.00E+00
109.3,0.00E+00
109.35,0.00E+00
109.4,0.00E+00
109.45,0.00E+00
109.5,0.00E+00
109.55,0.00E+00
109.6,0.00E+00
109.65,0.00E+00
109.7,0.00E+00
109.75,0.00E+00
109.8,0.00E+00
109.85,0.00E+00
109.9,0.00E+00
109.95,0.00E+00
110,0.00E+00
110.05,0.00E+00
110.1,0.00E+00
110.15,0.00E+00
110.2,0.00E+00
110.25,0.00E+00
110.3,0.00E+00
110.35,0.00E+00
110.4,0.00E+00
110.45,0.00E+00
110.5,0.00E+00
110.55,0.00E+00
110.6,0.00E+00
110.65,0.00E+00
110.7,0.00E+00
110.75,0.00E+00
110.8,0.00E+00
110.85,0.00E+00
110.9,0.00E+00
110.95,0.00E+00
111,0.00E+00
111.05,0.00E+00
111.1,0.00E+00
111.15,0.00E+00
111.2,0.00E+00
111.25,0.00E+00
111.3,0.00E+00
111.35,0.00E+00
111.4,0.00E+00
111.45,0.00E+00
111.5,0.00E+00
111.55,0.00E+00
111.6,0.00E+00
111.65,0.00E+00
111.7,0.00E+00
111.75,0.00E+00
111.8,0.00E+00
111.85,0.00E+00
111.9,0.00E+00
111.95,0.00E+00
112,0.00E+00
112.05,0.00E+00
112.1,0.00E+00
112.15,0.00E+00
112.2,0.00E+00
112.25,0.00E+00
112.3,0.00E+00
112.35,0.00E+00
112.4,0.00E+00
112.45,0.00E+00
112.5,0.00E+00
112.55,0.00E+00
112.6,0.00E+00
112.65,0.00E+00
112.7,0.00E+00
112.75,0.00E+00
112.8,0.00E+00
112.85,0.00E+00
112.9,0.00E+00
112.95,0.00E+00
113,0.00E+00
113.05,0.00E+00
113.1,0.00E+00
113.15,0.00E+00
113.2,0.00E+00
113.25,0.00E+00
113.3,0.00E+00
113.35,0.00E+00
113.4,0.00E+00
113.45,0.00E+00
113.5,0.00E+00
113.55,0.00E+00
113.6,0.00E+00
113.65,0.00E+00
113.7,0.00E+00
113.75,0.00E+00
113.8,0.00E+00
113.85,0.00E+00
113.9,0.00E+00
113.95,0.00E+00
114,0.00E+00
114.05,0.00E+00
114.1,0.00E+00
114.15,0.00E+00
114.2,0.00E+00
114.25,0.00E+00
114.3,0.00E+00
114.35,0.00E+00
114.4,0.00E+00
114.45,0.00E+00
114.5,0.00E+00
114.55,0.00E+00
114.6,0.00E+00
114.65,0.00E+00
114.7,0.00E+00
114.75,0.00E+00
114.8,0.00E+00
114.85,0.00E+00
114.9,0.00E+00
114.95,0.00E+00
115,0.00E+00
115.05,0.00E+00
115.1,0.00E+00
115.15,0.00E+00
115.2,0.00E+00
115.25,0.00E+00
115.3,0.00E+00
115.35,0.00E+00
115.4,0.00E+00
115.45,0.00E+00
115.5,0.00E+00
115.55,0.00E+00
115.6,0.00E+00
115.65,0.00E+00
115.7,0.00E+00
115.75,0.00E+00
115.8,0.00E+00
115.85,0.00E+00
115.9,0.00E+00
115.95,0.00E+00
116,0.00E+00
116.05,0.00E+00
116.1,0.00E+00
116.15,0.00E+00
116.2,0.00E+00
116.25,0.00E+00
116.3,0.00E+00
116.35,0.00E+00
116.4,0.00E+00
116.45,0.00E+00
116.5,0.00E+00
116.55,0.00E+00
116.6,0.00E+00
116.65,0.00E+00
116.7,0.00E+00
116.75,0.00E+00
116.8,0.00E+00
116.85,0.00E+00
116.9,0.00E+00
116.95,0.00E+00
117,0.00E+00
117.05,0.00E+00
117.1,0.00E+00
117.15,0.00E+00
117.2,0.00E+00
117.25,0.00E+00
117.3,0.00E+00
117.35,0.00E+00
117.4,0.00E+00
117.45,0.00E+00
117.5,0.00E+00
117.55,0.00E+00
117.6,0.00E+00
117.65,0.00E+00
117.7,0.00E+00
117.75,0.00E+00
117.8,0.00E+00
117.85,0.00E+00
117.9,0.00E+00
117.95,0.00E+00
118,0.00E+00
118.05,0.00E+00
118.1,0.00E+00
118.15,0.00E+00
118.2,0.00E+00
118.25,0.00E+00
118.3,0.00E+00
118.35,0.00E+00
118.4,0.00E+00
118.45,0.00E+00
118.5,0.00E+00
118.55,0.00E+00
118.6,0.00E+00
118.65,0.00E+00
118.7,0.00E+00
118.75,0.00E+00
118.8,0.00E+00
118.85,0.00E+00
118.9,0.00E+00
118.95,0.00E+00
119,0.00E+00
119.05,0.00E+00
119.1,0.00E+00
119.15,0.00E+00
119.2,0.00E+00
119.25,0.00E+00
119.3,0.00E+00
119.35,0.00E+00
119.4,0.00E+00
119.45,0.00E+00
119.5,0.00E+00
119.55,0.00E+00
119.6,0.00E+00
119.65,0.00E+00
119.7,0.00E+00
119.75,0.00E+00
119.8,0.00E+00
119.85,0.00E+00
119.9,0.00E+00
119.95,0.00E+00
120,0.00E+00
120.05,0.00E+00
120.1,0.00E+00
120.15,0.00E+00
120.2,0.00E+00
120.25,0.00E+00
120.3,0.00E+00
120.35,0.00E+00
120.4,0.00E+00
120.45,0.00E+00
120.5,0.00E+00
120.55,0.00E+00
120.6,0.00E+00
120.65,0.00E+00
120.7,0.00E+00
120.75,0.00E+00
120.8,0.00E+00
120.85,0.00E+00
120.9,0.00E+00
120.95,0.00E+00
121,0.00E+00
121.05,0.00E+00
121.1,0.00E+00
121.15,0.00E+00
121.2,0.00E+00
121.25,0.00E+00
121.3,0.00E+00
121.35,0.00E+00
121.4,0.00E+00
121.45,0.00E+00
121.5,0.00E+00
121.55,0.00E+00
121.6,0.00E+00
121.65,0.00E+00
121.7,0.00E+00
121.75,0.00E+00
121.8,0.00E+00
121.85,0.00E+00
121.9,0.00E+00
121.95,0.00E+00
122,0.00E+00
122.05,0.00E+00
122.1,0.00E+00
122.15,0.00E+00
122.2,0.00E+00
122.25,0.00E+00
122.3,0.00E+00
122.35,0.00E+00
122.4,0.00E+00
122.45,0.00E+00
122.5,0.00E+00
122.55,0.00E+00
122.6,0.00E+00
122.65,0.00E+00
122.7,0.00E+00
122.75,0.00E+00
122.8,0.00E+00
122.85,0.00E+00
122.9,0.00E+00
122.95,0.00E+00
123,0.00E+00
123.05,0.00E+00
123.1,0.00E+00
123.15,0.00E+00
123.2,0.00E+00
123.25,0.00E+00
123.3,0.00E+00
123.35,0.00E+00
123.4,0.00E+00
123.45,0.00E+00
123.5,0.00E+00
123.55,0.00E+00
123.6,0.00E+00
123.65,0.00E+00
123.7,0.00E+00
123.75,0.00E+00
123.8,0.00E+00
123.85,0.00E+00
123.9,0.00E+00
123.95,0.00E+00
124,0.00E+00
124.05,0.00E+00
124.1,0.00E+00
124.15,0.00E+00
124.2,0.00E+00
124.25,0.00E+00
124.3,0.00E+00
124.35,0.00E+00
124.4,0.00E+00
124.45,0.00E+00
124.5,0.00E+00
124.55,0.00E+00
124.6,0.00E+00
124.65,0.00E+00
124.7,0.00E+00
124.75,0.00E+00
124.8,0.00E+00
124.85,0.00E+00
124.9,0.00E+00
124.95,0.00E+00
125,0.00E+00
125.05,0.00E+00
125.1,0.00E+00
125.15,0.00E+00
125.2,0.00E+00
125.25,0.00E+00
125.3,0.00E+00
125.35,0.00E+00
125.4,0.00E+00
125.45,0.00E+00
125.5,0.00E+00
125.55,0.00E+00
125.6,0.00E+00
125.65,0.00E+00
125.7,0.00E+00
125.75,0.00E+00
125.8,0.00E+00
125.85,0.00E+00
125.9,0.00E+00
125.95,0.00E+00
126,0.00E+00
126.05,0.00E+00
126.1,0.00E+00
126.15,0.00E+00
126.2,0.00E+00
126.25,0.00E+00
126.3,0.00E+00
126.35,0.00E+00
126.4,0.00E+00
126.45,0.00E+00
126.5,0.00E+00
126.55,0.00E+00
126.6,0.00E+00
126.65,0.00E+00
126.7,0.00E+00
126.75,0.00E+00
126.8,0.00E+00
126.85,0.00E+00
126.9,0.00E+00
126.95,0.00E+00
127,0.00E+00
127.05,0.00E+00
127.1,0.00E+00
127.15,0.00E+00
127.2,0.00E+00
127.25,0.00E+00
127.3,0.00E+00
127.35,0.00E+00
127.4,0.00E+00
127.45,0.00E+00
127.5,0.00E+00
127.55,0.00E+00
127.6,0.00E+00
127.65,0.00E+00
127.7,0.00E+00
127.75,0.00E+00
127.8,0.00E+00
127.85,0.00E+00
127.9,0.00E+00
127.95,0.00E+00
128,0.00E+00
128.05,0.00E+00
128.1,0.00E+00
128.15,0.00E+00
128.2,0.00E+00
128.25,0.00E+00
128.3,0.00E+00
128.35,0.00E+00
128.4,0.00E+00
128.45,0.00E+00
128.5,0.00E+00
128.55,0.00E+00
128.6,0.00E+00
128.65,0.00E+00
128.7,0.00E+00
128.75,0.00E+00
128.8,0.00E+00
128.85,0.00E+00
128.9,0.00E+00
128.95,0.00E+00
129,0.00E+00
129.05,0.00E+00
129.1,0.00E+00
129.15,0.00E+00
129.2,0.00E+00
129.25,0.00E+00
129.3,0.00E+00
129.35,0.00E+00
129.4,0.00E+00
129.45,0.00E+00
129.5,0.00E+00
129.55,0.00E+00
129.6,0.00E+00
129.65,0.00E+00
129.7,0.00E+00
129.75,0.00E+00
129.8,0.00E+00
129.85,0.00E+00
129.9,0.00E+00
129.95,0.00E+00
130,0.00E+00
130.05,0.00E+00
130.1,0.00E+00
130.15,0.00E+00
130.2,0.00E+00
130.25,0.00E+00
130.3,0.00E+00
130.35,0.00E+00
130.4,0.00E+00
130.45,0.00E+00
130.5,0.00E+00
130.55,0.00E+00
130.6,0.00E+00
130.65,0.00E+00
130.7,0.00E+00
130.75,0.00E+00
130.8,0.00E+00
130.85,0.00E+00
130.9,0.00E+00
130.95,0.00E+00
131,0.00E+00
131.05,0.00E+00
131.1,0.00E+00
131.15,0.00E+00
131.2,0.00E+00
131.25,0.00E+00
131.3,0.00E+00
131.35,0.00E+00
131.4,0.00E+00
131.45,0.00E+00
131.5,0.00E+00
131.55,0.00E+00
131.6,0.00E+00
131.65,0.00E+00
131.7,0.00E+00
131.75,0.00E+00
131.8,0.00E+00
131.85,0.00E+00
131.9,0.00E+00
131.95,0.00E+00
132,0.00E+00
132.05,0.00E+00
132.1,0.00E+00
132.15,0.00E+00
132.2,0.00E+00
132.25,0.00E+00
132.3,0.00E+00
132.35,0.00E+00
132.4,0.00E+00
132.45,0.00E+00
132.5,0.00E+00
132.55,0.00E+00
132.6,0.00E+00
132.65,0.00E+00
132.7,0.00E+00
132.75,0.00E+00
132.8,0.00E+00
132.85,0.00E+00
132.9,0.00E+00
132.95,0.00E+00
133,0.00E+00
133.05,0.00E+00
133.1,0.00E+00
133.15,0.00E+00
133.2,0.00E+00
133.25,0.00E+00
133.3,0.00E+00
133.35,0.00E+00
133.4,0.00E+00
133.45,0.00E+00
133.5,0.00E+00
133.55,0.00E+00
133.6,0.00E+00
133.65,0.00E+00
133.7,0.00E+00
133.75,0.00E+00
133.8,0.00E+00
133.85,0.00E+00
133.9,0.00E+00
133.95,0.00E+00
134,0.00E+00
134.05,0.00E+00
134.1,0.00E+00
134.15,0.00E+00
134.2,0.00E+00
134.25,0.00E+00
134.3,0.00E+00
134.35,0.00E+00
134.4,0.00E+00
134.45,0.00E+00
134.5,0.00E+00
134.55,0.00E+00
134.6,0.00E+00
134.65,0.00E+00
134.7,0.00E+00
134.75,0.00E+00
134.8,0.00E+00
134.85,0.00E+00
134.9,0.00E+00
134.95,0.00E+00
135,0.00E+00
135.05,0.00E+00
135.1,0.00E+00
135.15,0.00E+00
135.2,0.00E+00
135.25,0.00E+00
135.3,0.00E+00
135.35,0.00E+00
135.4,0.00E+00
135.45,0.00E+00
135.5,0.00E+00
135.55,0.00E+00
135.6,0.00E+00
135.65,0.00E+00
135.7,0.00E+00
135.75,0.00E+00
135.8,0.00E+00
135.85,0.00E+00
135.9,0.00E+00
135.95,0.00E+00
136,0.00E+00
136.05,0.00E+00
136.1,0.00E+00
136.15,0.00E+00
136.2,0.00E+00
136.25,0.00E+00
136.3,0.00E+00
136.35,0.00E+00
136.4,0.00E+00
136.45,0.00E+00
136.5,0.00E+00
136.55,0.00E+00
136.6,0.00E+00
136.65,0.00E+00
136.7,0.00E+00
136.75,0.00E+00
136.8,0.00E+00
136.85,0.00E+00
136.9,0.00E+00
136.95,0.00E+00
137,0.00E+00
137.05,0.00E+00
137.1,0.00E+00
137.15,0.00E+00
137.2,0.00E+00
137.25,0.00E+00
137.3,0.00E+00
137.35,0.00E+00
137.4,0.00E+00
137.45,0.00E+00
137.5,0.00E+00
137.55,0.00E+00
137.6,0.00E+00
137.65,0.00E+00
137.7,0.00E+00
137.75,0.00E+00
137.8,0.00E+00
137.85,0.00E+00
137.9,0.00E+00
137.95,0.00E+00
138,0.00E+00
138.05,0.00E+00
138.1,0.00E+00
138.15,0.00E+00
138.2,0.00E+00
138.25,0.00E+00
138.3,0.00E+00
138.35,0.00E+00
138.4,0.00E+00
138.45,0.00E+00
138.5,0.00E+00
138.55,0.00E+00
138.6,0.00E+00
138.65,0.00E+00
138.7,0.00E+00
138.75,0.00E+00
138.8,0.00E+00
138.85,0.00E+00
138.9,0.00E+00
138.95,0.00E+00
139,0.00E+00
139.05,0.00E+00
139.1,0.00E+00
139.15,0.00E+00
139.2,0.00E+00
139.25,0.00E+00
139.3,0.00E+00
139.35,0.00E+00
139.4,0.00E+00
139.45,0.00E+00
139.5,0.00E+00
139.55,0.00E+00
139.6,0.00E+00
139.65,0.00E+00
139.7,0.00E+00
139.75,0.00E+00
139.8,0.00E+00
139.85,0.00E+00
139.9,0.00E+00
139.95,0.00E+00
140,0.00E+00
140.05,0.00E+00
140.1,0.00E+00
140.15,0.00E+00
140.2,0.00E+00
140.25,0.00E+00
140.3,0.00E+00
140.35,0.00E+00
140.4,0.00E+00
140.45,0.00E+00
140.5,0.00E+00
140.55,0.00E+00
140.6,0.00E+00
140.65,0.00E+00
140.7,0.00E+00
140.75,0.00E+00
140.8,0.00E+00
140.85,0.00E+00
140.9,0.00E+00
140.95,0.00E+00
141,0.00E+00
141.05,0.00E+00
141.1,0.00E+00
141.15,0.00E+00
141.2,0.00E+00
141.25,0.00E+00
141.3,0.00E+00
141.35,0.00E+00
141.4,0.00E+00
141.45,0.00E+00
141.5,0.00E+00
141.55,0.00E+00
141.6,0.00E+00
141.65,0.00E+00
141.7,0.00E+00
141.75,0.00E+00
141.8,0.00E+00
141.85,0.00E+00
141.9,0.00E+00
141.95,0.00E+00
142,0.00E+00
142.05,0.00E+00
142.1,0.00E+00
142.15,0.00E+00
142.2,0.00E+00
142.25,0.00E+00
142.3,0.00E+00
142.35,0.00E+00
142.4,0.00E+00
142.45,0.00E+00
142.5,0.00E+00
142.55,0.00E+00
142.6,0.00E+00
142.65,0.00E+00
142.7,0.00E+00
142.75,0.00E+00
142.8,0.00E+00
142.85,0.00E+00
142.9,0.00E+00
142.95,0.00E+00
143,0.00E+00
143.05,0.00E+00
143.1,0.00E+00
143.15,0.00E+00
143.2,0.00E+00
143.25,0.00E+00
143.3,0.00E+00
143.35,0.00E+00
143.4,0.00E+00
143.45,0.00E+00
143.5,0.00E+00
143.55,0.00E+00
143.6,0.00E+00
143.65,0.00E+00
143.7,0.00E+00
143.75,0.00E+00
143.8,0.00E+00
143.85,0.00E+00
143.9,0.00E+00
143.95,0.00E+00
144,0.00E+00
144.05,0.00E+00
144.1,0.00E+00
144.15,0.00E+00
144.2,0.00E+00
144.25,0.00E+00
144.3,0.00E+00
144.35,0.00E+00
144.4,0.00E+00
144.45,0.00E+00
144.5,0.00E+00
144.55,0.00E+00
144.6,0.00E+00
144.65,0.00E+00
144.7,0.00E+00
144.75,0.00E+00
144.8,0.00E+00
144.85,0.00E+00
144.9,0.00E+00
144.95,0.00E+00
145,0.00E+00
145.05,0.00E+00
145.1,0.00E+00
145.15,0.00E+00
145.2,0.00E+00
145.25,0.00E+00
145.3,0.00E+00
145.35,0.00E+00
145.4,0.00E+00
145.45,0.00E+00
145.5,0.00E+00
145.55,0.00E+00
145.6,0.00E+00
145.65,0.00E+00
145.7,0.00E+00
145.75,0.00E+00
145.8,0.00E+00
145.85,0.00E+00
145.9,0.00E+00
145.95,0.00E+00
146,0.00E+00
146.05,0.00E+00
146.1,0.00E+00
146.15,0.00E+00
146.2,0.00E+00
146.25,0.00E+00
146.3,0.00E+00
146.35,0.00E+00
146.4,0.00E+00
146.45,0.00E+00
146.5,0.00E+00
146.55,0.00E+00
146.6,0.00E+00
146.65,0.00E+00
146.7,0.00E+00
146.75,0.00E+00
146.8,0.00E+00
146.85,0.00E+00
146.9,0.00E+00
146.95,0.00E+00
147,0.00E+00
147.05,0.00E+00
147.1,0.00E+00
147.15,0.00E+00
147.2,0.00E+00
147.25,0.00E+00
147.3,0.00E+00
147.35,0.00E+00
147.4,0.00E+00
147.45,0.00E+00
147.5,0.00E+00
147.55,0.00E+00
147.6,0.00E+00
147.65,0.00E+00
147.7,0.00E+00
147.75,0.00E+00
147.8,0.00E+00
147.85,0.00E+00
147.9,0.00E+00
147.95,0.00E+00
148,0.00E+00
148.05,0.00E+00
148.1,0.00E+00
148.15,0.00E+00
148.2,0.00E+00
148.25,0.00E+00
148.3,0.00E+00
148.35,0.00E+00
148.4,0.00E+00
148.45,0.00E+00
148.5,0.00E+00
148.55,0.00E+00
148.6,0.00E+00
148.65,0.00E+00
148.7,0.00E+00
148.75,0.00E+00
148.8,0.00E+00
148.85,0.00E+00
148.9,0.00E+00
148.95,0.00E+00
149,0.00E+00
149.05,0.00E+00
149.1,0.00E+00
149.15,0.00E+00
149.2,0.00E+00
149.25,0.00E+00
149.3,0.00E+00
149.35,0.00E+00
149.4,0.00E+00
149.45,0.00E+00
149.5,0.00E+00
149.55,0.00E+00
149.6,0.00E+00
149.65,0.00E+00
149.7,0.00E+00
149.75,0.00E+00
149.8,0.00E+00
149.85,0.00E+00
149.9,0.00E+00
149.95,0.00E+00
150,0.00E+00
